step,train_loss,ema_loss,train_reward,grad_norm,tok_per_s,elapsed_s
1,0.0,0.0,0.05859375,0.0,214.91255685482753,11.24178147315979
2,0.0,0.0,0.05859375,0.0,9806.129474403364,0.24637651443481445
3,0.0,0.0,0.05859375,0.0,9918.387975906397,0.24358797073364258
4,0.0,0.0,0.05859375,0.0,9860.490233837154,0.24501824378967285
5,0.0,0.0,0.05859375,0.0,9870.546332967737,0.24476861953735352
6,0.0,0.0,0.05859375,0.0,9936.243770137844,0.2431502342224121
7,0.0,0.0,0.05859375,0.0,9960.631468650385,0.2425549030303955
8,0.0,0.0,0.05859375,0.0,9943.722188368125,0.2429673671722412
9,0.0,0.0,0.05859375,0.0,9920.912672724888,0.24352598190307617
10,0.0,0.0,0.05859375,0.0,9895.501139110098,0.24415135383605957
11,0.0,0.0,0.05859375,0.0,304.9894470933774,7.921585559844971
12,0.0,0.0,0.05859375,0.0,9944.083231113143,0.24295854568481445
13,0.0,0.0,0.05859375,0.0,9875.625387630518,0.2446427345275879
14,0.0,0.0,0.05859375,0.0,9899.15515885537,0.24406123161315918
15,0.0,0.0,0.05859375,0.0,9990.297481682454,0.2418346405029297
16,0.0,0.0,0.05859375,0.0,9991.932712919632,0.24179506301879883
17,0.0,0.0,0.05859375,0.0,9957.822309745332,0.24262332916259766
18,0.0,0.0,0.05859375,0.0,9975.55534948372,0.24219202995300293
19,0.0,0.0,0.05859375,0.0,9946.357427152685,0.2429029941558838
20,0.0,0.0,0.05859375,0.0,9784.853073264936,0.24691224098205566
21,-0.52734375,-0.0263671875,0.05859375,0.024265017058119457,328.95304855319347,7.344513177871704
22,-0.37890625,-0.043994140625,0.05859375,0.03230642588347203,9812.795556399104,0.24620914459228516
23,0.029296875,-0.04032958984374999,0.05859375,0.057535116098820414,9835.281893401532,0.24564623832702637
24,0.12353515625,-0.03213635253906249,0.05859375,0.06820700588523924,9860.931618716762,0.24500727653503418
25,-0.18359375,-0.03970922241210936,0.05859375,0.07160573217097811,9782.897674526372,0.2469615936279297
26,0.98046875,0.01129967620849611,0.05859375,0.139642955312868,9785.901942417002,0.2468857765197754
27,-0.546875,-0.016609057601928694,0.05859375,0.14141066862230645,9760.170503272833,0.24753665924072266
28,-0.578125,-0.04468485472183226,0.05859375,0.14304651349449787,9805.85428974257,0.2463834285736084
29,0.0,-0.04245061198574064,0.05859375,0.14304651349449787,9841.02232658777,0.24550294876098633
30,0.0,-0.04032808138645361,0.05859375,0.14304651349449787,9862.572765566481,0.2449665069580078
31,0.0,-0.03831167731713093,0.05859375,0.14304651349449787,327.38616041919124,7.379664421081543
32,0.0,-0.03639609345127438,0.05859375,0.14304651349449787,9780.961938618022,0.2470104694366455
33,0.0,-0.03457628877871066,0.05859375,0.14304651349449787,9779.36671279649,0.24705076217651367
34,0.0,-0.032847474339775126,0.05859375,0.14304651349449787,9894.390001562257,0.24417877197265625
35,0.0,-0.031205100622786367,0.05859375,0.14304651349449787,9802.249848373021,0.246474027633667
36,0.0,-0.029644845591647047,0.05859375,0.14304651349449787,9818.224370582451,0.24607300758361816
37,0.0,-0.028162603312064695,0.05859375,0.14304651349449787,9849.257827891837,0.24529767036437988
38,0.0,-0.02675447314646146,0.05859375,0.14304651349449787,9905.812791855942,0.2438971996307373
39,0.0,-0.025416749489138385,0.05859375,0.14304651349449787,9942.853841564884,0.24298858642578125
40,0.0,-0.024145912014681463,0.05859375,0.14304651349449787,9826.33598544683,0.24586987495422363
1,0.0,0.0,0.05859375,0.0,224.30401283832018,10.771095752716064
2,0.0,0.0,0.05859375,0.0,9820.603150636474,0.24601340293884277
3,0.0,0.0,0.05859375,0.0,9871.430943887342,0.24474668502807617
4,0.0,0.0,0.05859375,0.0,9900.238349673442,0.2440345287322998
5,0.0,0.0,0.05859375,0.0,9901.26373077701,0.24400925636291504
6,0.0,0.0,0.05859375,0.0,9839.694076727455,0.24553608894348145
7,0.0,0.0,0.05859375,0.0,9817.758264755066,0.24608469009399414
8,0.0,0.0,0.05859375,0.0,9896.15827699255,0.24413514137268066
9,0.0,0.0,0.05859375,0.0,9871.152082028422,0.24475359916687012
10,0.0,0.0,0.05859375,0.0,9924.225858673308,0.24344468116760254
11,0.0,0.0,0.05859375,0.0,303.87970279074125,7.950514554977417
12,0.0,0.0,0.05859375,0.0,9802.33518608444,0.24647188186645508
13,0.0,0.0,0.05859375,0.0,9873.854820762162,0.24468660354614258
14,0.0,0.0,0.05859375,0.0,9871.796372931814,0.2447376251220703
15,0.0,0.0,0.05859375,0.0,9866.4234462735,0.24487090110778809
16,0.0,0.0,0.05859375,0.0,9765.625929009775,0.24739837646484375
17,0.0,0.0,0.05859375,0.0,9801.05527641107,0.2465040683746338
18,0.0,0.0,0.05859375,0.0,9871.69058805765,0.24474024772644043
19,0.0,0.0,0.05859375,0.0,9855.992281281915,0.24513006210327148
20,0.0,0.0,0.05859375,0.0,9815.390369845883,0.24614405632019043
21,0.52734375,0.0263671875,0.05859375,0.02426603192261562,327.78808332101175,7.370615720748901
22,0.37890625,0.043994140625,0.05859375,0.032308079410177534,9779.404463608447,0.24704980850219727
23,-0.029296875,0.04032958984374999,0.05859375,0.057536075841126195,9805.39884561979,0.24639487266540527
24,-0.12353515625,0.03213635253906249,0.05859375,0.06820445081814012,9766.228280647649,0.24738311767578125
25,0.18359375,0.03970922241210936,0.05859375,0.07160434985501037,9801.984362772837,0.24648070335388184
26,-0.98046875,-0.01129967620849611,0.05859375,0.13964288588018992,9842.523011353427,0.24546551704406738
27,0.546875,0.016609057601928694,0.05859375,0.1414040365896116,9693.999760841303,0.24922633171081543
28,0.578125,0.04468485472183226,0.05859375,0.1430309186367559,9776.272137720518,0.24712896347045898
29,0.0,0.04245061198574064,0.05859375,0.1430309186367559,9878.850605057074,0.24456286430358887
30,0.0,0.04032808138645361,0.05859375,0.1430309186367559,9879.987153549982,0.24453473091125488
31,0.0,0.03831167731713093,0.05859375,0.1430309186367559,330.3806563176217,7.312776803970337
32,0.0,0.03639609345127438,0.05859375,0.1430309186367559,9871.84445771501,0.2447364330291748
33,0.0,0.03457628877871066,0.05859375,0.1430309186367559,9824.85928362006,0.24590682983398438
34,0.0,0.032847474339775126,0.05859375,0.1430309186367559,9695.205481051013,0.24919533729553223
35,0.0,0.031205100622786367,0.05859375,0.1430309186367559,9860.691730728062,0.24501323699951172
36,0.0,0.029644845591647047,0.05859375,0.1430309186367559,9875.288546115982,0.24465107917785645
37,0.0,0.028162603312064695,0.05859375,0.1430309186367559,9820.774467285046,0.24600911140441895
38,0.0,0.02675447314646146,0.05859375,0.1430309186367559,9879.650014429339,0.24454307556152344
39,0.0,0.025416749489138385,0.05859375,0.1430309186367559,9876.732314416013,0.2446153163909912
40,0.0,0.024145912014681463,0.05859375,0.1430309186367559,9855.915592739637,0.2451319694519043
41,0.1875,0.032313616413947394,0.05859375,0.14356600269798148,330.7037155417102,7.305633068084717
42,-0.111328125,0.025131529343250022,0.05859375,0.15253789214160346,9803.691306892666,0.24643778800964355
43,0.36328125,0.04203901537608752,0.05859375,0.1572550735392408,9829.881881613881,0.24578118324279785
44,0.08935546875,0.044404838044783145,0.05859375,0.15712773623820372,9660.287254558956,0.25009608268737793
45,0.0,0.04218459614254399,0.05859375,0.15712773623820372,9816.388740460603,0.24611902236938477
46,0.0,0.040075366335416786,0.05859375,0.15712773623820372,9823.925855981448,0.24593019485473633
47,0.0,0.038071598018645944,0.05859375,0.15712773623820372,9880.632598338902,0.24451875686645508
48,0.0,0.03616801811771365,0.05859375,0.15712773623820372,9888.770504185444,0.24431753158569336
49,0.0,0.03435961721182797,0.05859375,0.15712773623820372,9924.118947166367,0.24344730377197266
50,0.0,0.03264163635123657,0.05859375,0.15712773623820372,9815.742153461078,0.24613523483276367
51,0.0,0.031009554533674738,0.05859375,0.15712773623820372,328.2967985659885,7.35919451713562
52,0.0,0.029459076806991,0.05859375,0.15712773623820372,9821.393160504453,0.24599361419677734
53,-1.140625,-0.02904512703335856,0.05859375,0.1801247365788074,9777.09276402942,0.24710822105407715
1,0.0,0.0,0.05859375,0.0,224.21132524201408,10.775548458099365
2,0.0,0.0,0.05859375,0.0,9785.353856612577,0.24689960479736328
3,0.0,0.0,0.05859375,0.0,9875.866002781457,0.24463677406311035
4,0.0,0.0,0.05859375,0.0,9926.02426104128,0.24340057373046875
5,0.0,0.0,0.05859375,0.0,9893.250137169793,0.24420690536499023
6,0.0,0.0,0.05859375,0.0,9900.799380945913,0.24402070045471191
7,0.0,0.0,0.05859375,0.0,9887.294273071875,0.2443540096282959
8,0.0,0.0,0.05859375,0.0,9910.966988019916,0.24377036094665527
9,0.0,0.0,0.05859375,0.0,9859.051209780597,0.24505400657653809
10,0.0,0.0,0.05859375,0.0,9870.642478648464,0.2447662353515625
11,0.0,0.0,0.05859375,0.0,9875.712007734162,0.24464058876037598
12,0.0,0.0,0.05859375,0.0,9859.780262805823,0.24503588676452637
13,0.0,0.0,0.05859375,0.0,9731.703991525823,0.2482607364654541
14,0.0,0.0,0.05859375,0.0,9826.116833902854,0.24587535858154297
15,0.0,0.0,0.05859375,0.0,9909.629482145738,0.2438032627105713
16,0.0,0.0,0.05859375,0.0,9894.148482940094,0.2441847324371338
17,0.0,0.0,0.05859375,0.0,9899.65803939958,0.2440488338470459
18,0.0,0.0,0.05859375,0.0,9744.402921751975,0.24793720245361328
19,0.0,0.0,0.05859375,0.0,9878.205393054264,0.24457883834838867
20,0.0,0.0,0.05859375,0.0,9868.46043291578,0.24482035636901855
21,0.52734375,0.0263671875,0.05859375,0.024266159988682184,316.66976397732765,7.629399061203003
22,0.37890625,0.043994140625,0.05859375,0.03230609853566388,9752.87165899438,0.24772191047668457
23,-0.029296875,0.04032958984374999,0.05859375,0.05753446921571502,9863.945606095855,0.2449324131011963
24,-0.12353515625,0.03213635253906249,0.05859375,0.06820501545247541,9814.80095112183,0.24615883827209473
25,0.18359375,0.03970922241210936,0.05859375,0.07160454510994954,9886.647957680383,0.2443699836730957
26,-0.98046875,-0.01129967620849611,0.05859375,0.13964395590813342,9837.057751019533,0.24560189247131348
27,0.546875,0.016609057601928694,0.05859375,0.14141990784510874,9743.494087138624,0.24796032905578613
28,0.578125,0.04468485472183226,0.05859375,0.1430453975056345,9792.341821337355,0.24672341346740723
29,0.0,0.04245061198574064,0.05859375,0.1430453975056345,9898.691006774347,0.24407267570495605
30,0.0,0.04032808138645361,0.05859375,0.1430453975056345,9834.28922021042,0.24567103385925293
31,0.0,0.03831167731713093,0.05859375,0.1430453975056345,9846.453723767085,0.24536752700805664
32,0.0,0.03639609345127438,0.05859375,0.1430453975056345,9894.989018629076,0.24416399002075195
33,0.0,0.03457628877871066,0.05859375,0.1430453975056345,9891.116012802355,0.24425959587097168
34,0.0,0.032847474339775126,0.05859375,0.1430453975056345,9683.448607222375,0.2494978904724121
35,0.0,0.031205100622786367,0.05859375,0.1430453975056345,9824.097288577279,0.2459259033203125
36,0.0,0.029644845591647047,0.05859375,0.1430453975056345,9849.621617103172,0.24528861045837402
37,0.0,0.028162603312064695,0.05859375,0.1430453975056345,9911.742519075831,0.24375128746032715
38,0.0,0.02675447314646146,0.05859375,0.1430453975056345,9805.076264962665,0.24640297889709473
39,0.0,0.025416749489138385,0.05859375,0.1430453975056345,9903.547417790822,0.24395298957824707
40,0.0,0.024145912014681463,0.05859375,0.1430453975056345,9859.454094176917,0.24504399299621582
41,0.1875,0.032313616413947394,0.05859375,0.14358595027380086,342.69382090222143,7.05002498626709
42,-0.111328125,0.025131529343250022,0.05859375,0.15254724880493695,9829.61489714417,0.2457878589630127
43,0.36328125,0.04203901537608752,0.05859375,0.1572664378474937,9824.840232303352,0.24590730667114258
44,0.08935546875,0.044404838044783145,0.05859375,0.15713505080024576,9643.33523723786,0.2505357265472412
45,0.0,0.04218459614254399,0.05859375,0.15713505080024576,9881.692466717896,0.2444925308227539
46,0.0,0.040075366335416786,0.05859375,0.15713505080024576,9859.511651778634,0.2450425624847412
47,0.0,0.038071598018645944,0.05859375,0.15713505080024576,9851.814494850212,0.24523401260375977
48,0.0,0.03616801811771365,0.05859375,0.15713505080024576,9821.697776571616,0.2459859848022461
49,0.0,0.03435961721182797,0.05859375,0.15713505080024576,9755.05922671421,0.2476663589477539
50,0.0,0.03264163635123657,0.05859375,0.15713505080024576,9836.66624343555,0.24561166763305664
51,0.0,0.031009554533674738,0.05859375,0.15713505080024576,9829.138175232963,0.24579977989196777
52,0.0,0.029459076806991,0.05859375,0.15713505080024576,9807.22087600156,0.24634909629821777
53,-1.140625,-0.02904512703335856,0.05859375,0.18014215065280834,9770.785971868141,0.2472677230834961
54,0.373046875,-0.008940526931690628,0.05859375,0.18315801881921265,9806.860212077603,0.24635815620422363
55,0.1796875,0.0004908744148939045,0.05859375,0.18728642028230713,9765.597695599841,0.24739909172058105
56,0.17578125,0.00925539319414921,0.05859375,0.1874681584303496,9644.87720897916,0.25049567222595215
57,0.11474609375,0.014529928221941749,0.05859375,0.18818009409577838,9749.587456259604,0.24780535697937012
58,0.064453125,0.01702608806084466,0.05859375,0.18887120483371153,9730.24625013323,0.24829792976379395
59,0.2197265625,0.02716111178280243,0.05859375,0.1899822377243862,9701.944483113526,0.2490222454071045
60,-0.10693359375,0.020456376506162305,0.05859375,0.19374811260256694,9733.90077287651,0.24820470809936523
61,1.078125,0.07333980768085419,0.05859375,0.1935846795017766,343.0952790534244,7.041775703430176
62,-0.36328125,0.051508754796811475,0.05859375,0.20051204976909073,9664.525358148016,0.2499864101409912
63,0.37890625,0.0678786295569709,0.05859375,0.20101124281432664,9697.209494873132,0.2491438388824463
64,0.033203125,0.06614485432912236,0.05859375,0.2065406582143875,9773.490579449455,0.24719929695129395
65,0.0,0.06283761161266624,0.05859375,0.2065406582143875,9845.965800522155,0.24537968635559082
66,0.0,0.05969573103203293,0.05859375,0.2065406582143875,9760.537142471863,0.2475273609161377
67,0.0,0.05671094448043128,0.05859375,0.2065406582143875,9812.33946727296,0.24622058868408203
68,0.0,0.05387539725640971,0.05859375,0.2065406582143875,9850.828057848388,0.24525856971740723
69,0.224609375,0.062412096143589224,0.05859375,0.20729136160607786,9805.465261919322,0.24639320373535156
70,-0.388671875,0.03985789758640976,0.05859375,0.22557078220710372,9812.29196042718,0.24622178077697754
71,0.6171875,0.06872437770708928,0.05859375,0.22632166346787577,9714.22124612354,0.24870753288269043
72,0.193359375,0.07495612757173482,0.05859375,0.22697714964873966,9791.206425799046,0.24675202369689941
73,0.0,0.07120832119314809,0.05859375,0.22697714964873966,9899.532314473618,0.24405193328857422
74,0.0,0.06764790513349069,0.05859375,0.22697714964873966,9892.767222998884,0.2442188262939453
75,0.0,0.06426550987681615,0.05859375,0.22697714964873966,9847.209621919661,0.24534869194030762
76,0.0,0.061052234382975336,0.05859375,0.22697714964873966,9810.591518315281,0.24626445770263672
77,0.0,0.057999622663826564,0.05859375,0.22697714964873966,9835.463268808187,0.24564170837402344
78,0.0,0.055099641530635235,0.05859375,0.22697714964873966,9884.574531032202,0.24442124366760254
79,0.0,0.05234465945410347,0.05859375,0.22697714964873966,9868.989033848982,0.24480724334716797
80,0.0,0.049727426481398294,0.05859375,0.22697714964873966,9803.605945567333,0.24643993377685547
81,0.83203125,0.08884261765732837,0.05859375,0.22833632527193598,343.7855424706557,7.027637004852295
82,-0.1767578125,0.07556259614946195,0.05859375,0.23496164376619366,9773.877074194532,0.24718952178955078
83,-0.5,0.046784466341988844,0.05859375,0.2705834625077512,9775.112176930266,0.24715828895568848
84,0.2294921875,0.0559198523998894,0.05859375,0.27122740441026527,9714.183996878712,0.24870848655700684
85,0.234375,0.06484260977989492,0.05859375,0.27150913567111323,9780.187858730513,0.24703001976013184
86,-0.474609375,0.03787001054090017,0.05859375,0.28425854569609915,9744.496625682508,0.24793481826782227
87,0.2373046875,0.047841744388855155,0.05859375,0.2843986489964693,9765.465941845327,0.24740242958068848
88,0.1796875,0.0544340321694124,0.05859375,0.28363618475732,9769.796855250714,0.24729275703430176
89,-1.859375,-0.04125641943905822,0.05859375,0.3252125117859933,9764.741359738975,0.2474207878112793
90,0.404296875,-0.018978754717105306,0.05859375,0.3252032630309144,9729.704380721943,0.24831175804138184
91,0.287109375,-0.003674348231250039,0.05859375,0.3257493121690618,9732.863020658748,0.2482311725616455
92,0.189453125,0.005982025430312465,0.05859375,0.32555584566564305,9743.953167969907,0.24794864654541016
93,0.0,0.005682924158796841,0.05859375,0.32555584566564305,9777.819180408542,0.24708986282348633
94,0.0,0.005398777950856999,0.05859375,0.32555584566564305,9808.265052707586,0.2463228702545166
95,0.0,0.005128839053314149,0.05859375,0.32555584566564305,9674.832074026974,0.24972009658813477
96,0.0,0.004872397100648441,0.05859375,0.32555584566564305,9793.714108987444,0.2466888427734375
97,0.0,0.0046287772456160186,0.05859375,0.32555584566564305,9812.29196042718,0.24622178077697754
98,0.0,0.0043973383833352175,0.05859375,0.32555584566564305,9834.365572572498,0.24566912651062012
99,0.0,0.004177471464168457,0.05859375,0.32555584566564305,9851.594205378331,0.2452394962310791
100,0.0,0.003968597890960034,0.05859375,0.32555584566564305,9786.308321527113,0.24687552452087402
101,0.0,0.003770167996412032,0.05859375,0.32555584566564305,343.6870514951707,7.029650926589966
102,0.0,0.00358165959659143,0.05859375,0.32555584566564305,9866.336989032901,0.244873046875
103,0.0,0.003402576616761858,0.05859375,0.32555584566564305,9814.962558889165,0.24615478515625
104,0.0,0.003232447785923765,0.05859375,0.32555584566564305,9687.72558527277,0.2493877410888672
105,0.099609375,0.008051294146627577,0.05859375,0.3254488813809785,9744.149930140939,0.24794363975524902
106,-0.1953125,-0.0021168955607038025,0.05859375,0.3312647237870713,9768.205268992375,0.24733304977416992
107,0.193359375,0.007656917967331388,0.05859375,0.3318468685062139,9745.208834453058,0.24791669845581055
108,0.0771484375,0.011131493943964819,0.05859375,0.33200191064291623,9755.322176441141,0.24765968322753906
109,0.0,0.010574919246766578,0.05859375,0.33200191064291623,9828.89029811297,0.24580597877502441
110,0.0,0.010046173284428249,0.05859375,0.33200191064291623,9797.47330683531,0.24659419059753418
111,0.0,0.009543864620206836,0.05859375,0.33200191064291623,9753.387949172542,0.24770879745483398
112,0.0,0.009066671389196495,0.05859375,0.33200191064291623,9886.821586350083,0.24436569213867188
113,0.54296875,0.03576177531973667,0.05859375,0.33168524201410127,9705.71721217659,0.24892544746398926
114,-0.1953125,0.024208061553749834,0.05859375,0.3397668990036274,9692.868511544757,0.24925541877746582
115,0.20703125,0.03334922097606234,0.05859375,0.3405368913185308,9587.49758880091,0.2519948482513428
116,0.318359375,0.04759972867725923,0.05859375,0.3443093146866467,9745.668076888676,0.24790501594543457
117,0.0,0.04521974224339626,0.05859375,0.3443093146866467,9812.928590380976,0.24620580673217773
118,0.0,0.04295875513122645,0.05859375,0.3443093146866467,9860.989193570831,0.24500584602355957
119,0.0,0.040810817374665125,0.05859375,0.3443093146866467,9861.315463777071,0.24499773979187012
120,0.0,0.038770276505931865,0.05859375,0.3443093146866467,9806.414164444117,0.2463693618774414
121,0.0,0.03683176268063527,0.05859375,0.3443093146866467,344.60871596179726,7.010849952697754
122,0.0,0.034990174546603504,0.05859375,0.3443093146866467,9884.670950196407,0.24441885948181152
123,0.0,0.033240665819273325,0.05859375,0.3443093146866467,9789.125550994859,0.24680447578430176
124,0.0,0.031578632528309655,0.05859375,0.3443093146866467,9855.20628029472,0.2451496124267578
125,0.0,0.02999970090189417,0.05859375,0.3443093146866467,9853.816707297032,0.24518418312072754
126,0.0,0.02849971585679946,0.05859375,0.3443093146866467,9850.904667238921,0.24525666236877441
127,0.0,0.027074730063959485,0.05859375,0.3443093146866467,9855.560923754736,0.24514079093933105
128,0.0,0.02572099356076151,0.05859375,0.0,4737.374582347884,0.5099871158599854
129,0.0,0.024434943882723433,0.0234375,0.0,237.75219572064162,10.288022756576538
130,0.0,0.023213196688587262,0.0234375,0.0,9884.477837823255,0.24745869636535645
131,0.0,0.022052536854157898,0.0234375,0.0,9849.744746667793,0.24833130836486816
132,0.0,0.020949910011450003,0.0234375,0.0,9854.45637074612,0.24821257591247559
133,0.0,0.0199024145108775,0.0234375,0.0,9913.609752750837,0.24673151969909668
134,0.0,0.018907293785333623,0.0234375,0.0,9860.556002056832,0.24805903434753418
135,0.0,0.01796192909606694,0.0234375,0.0,9885.315966310442,0.2474377155303955
136,0.0,0.017063832641263592,0.0234375,0.0,9922.958668797128,0.24649906158447266
137,0.0,0.016210641009200413,0.0234375,0.0,9904.66091395846,0.24695444107055664
138,0.0,0.015400108958740392,0.0234375,0.0,9830.048352726548,0.24882888793945312
139,0.0,0.014630103510803372,0.0234375,0.0,9886.611535396307,0.2474052906036377
140,0.0,0.013898598335263202,0.0234375,0.0,9806.004631899701,0.24943900108337402
141,0.0,0.013203668418500042,0.0234375,0.0,353.01712637239615,6.928842306137085
142,0.0,0.012543484997575039,0.0234375,0.0,9837.372202357494,0.2486436367034912
143,0.0,0.011916310747696286,0.0234375,0.0,9843.101262616572,0.24849891662597656
144,0.0,0.011320495210311471,0.0234375,0.0,9864.244066127845,0.24796628952026367
145,0.0,0.010754470449795897,0.0234375,0.0,9855.052740784004,0.2481975555419922
146,0.0,0.010216746927306102,0.0234375,0.0,9880.964959558349,0.24754667282104492
147,0.0,0.009705909580940796,0.0234375,0.0,9877.01714352831,0.24764561653137207
148,0.0,0.009220614101893756,0.0234375,0.0,9893.11355810112,0.24724268913269043
149,0.0,0.008759583396799067,0.0234375,0.0,9853.61400273539,0.24823379516601562
150,0.0,0.008321604226959113,0.0234375,0.0,9855.743863016514,0.24818015098571777
151,0.0,0.007905524015611157,0.0234375,0.0,9804.055483830276,0.24948859214782715
152,0.0,0.007510247814830599,0.0234375,0.0,9835.514286481242,0.24869060516357422
153,0.0,0.007134735424089069,0.0234375,0.0,9896.186401128978,0.24716591835021973
154,0.0,0.006777998652884616,0.0234375,0.0,9899.203842631949,0.24709057807922363
155,0.0,0.0064390987202403846,0.0234375,0.0,9883.896945792685,0.24747323989868164
156,0.0,0.006117143784228365,0.0234375,0.0,9898.49706159601,0.24710822105407715
157,-0.123046875,-0.0003410571549830547,0.0234375,0.07144136596472636,9754.900222876398,0.2507457733154297
158,0.306640625,0.0150080269527661,0.0234375,0.07203411784041647,9685.132905369685,0.2525520324707031
159,0.248046875,0.026659969355127794,0.0234375,0.08618358152193274,9737.56765909626,0.2511920928955078
160,0.158203125,0.033237127137371404,0.0234375,0.08701083016192522,9733.428825150091,0.2512989044189453
161,0.0,0.03157527078050283,0.0234375,0.08701083016192522,356.5468476228235,6.860248565673828
162,0.0,0.029996507241477687,0.0234375,0.08701083016192522,9912.240059516333,0.2467656135559082
163,0.0,0.028496681879403803,0.0234375,0.08701083016192522,9845.39664522469,0.24844098091125488
164,0.0,0.02707184778543361,0.0234375,0.08701083016192522,9844.84867886325,0.24845480918884277
165,0.0,0.02571825539616193,0.0234375,0.08701083016192522,9886.668700677565,0.24740386009216309
166,0.0,0.024432342626353833,0.0234375,0.08701083016192522,9850.548620632708,0.24831104278564453
167,0.0,0.02321072549503614,0.0234375,0.08701083016192522,9839.15532973114,0.24859857559204102
168,0.0,0.02205018922028433,0.0234375,0.08701083016192522,9820.666784727295,0.24906659126281738
169,0.06494140625,0.02419475007177011,0.0234375,0.08706480570775564,9667.992498760788,0.25299978256225586
170,-0.130859375,0.016442043818181606,0.0234375,0.09874113810637432,9734.888101523344,0.25126123428344727
171,0.3828125,0.034760566627272525,0.0234375,0.10544073449473802,9758.333302261697,0.2506575584411621
172,0.328125,0.049428788295908896,0.0234375,0.10537208382406321,9734.989713006058,0.25125861167907715
173,0.0,0.04695734888111345,0.0234375,0.10537208382406321,9823.421996844025,0.24899673461914062
174,0.0,0.04460948143705777,0.0234375,0.10537208382406321,9783.374879725512,0.2500159740447998
175,0.0,0.042379007365204883,0.0234375,0.10537208382406321,9884.468314452586,0.24745893478393555
176,0.0,0.04026005699694464,0.0234375,0.10537208382406321,9833.091562585962,0.24875187873840332
177,0.0,0.038247054147097406,0.0234375,0.10537208382406321,9849.234118416214,0.24834418296813965
178,0.0,0.03633470143974253,0.0234375,0.10537208382406321,9884.011214240158,0.24747037887573242
179,0.0,0.0345179663677554,0.0234375,0.10537208382406321,9830.943218895924,0.24880623817443848
180,0.0,0.03279206804936763,0.0234375,0.10537208382406321,9823.092794639617,0.24900507926940918
181,0.0,0.031152464646899247,0.0234375,0.10537208382406321,355.7792518586458,6.875049591064453
182,0.0,0.029594841414554283,0.0234375,0.10537208382406321,9845.028178367029,0.24845027923583984
183,0.0,0.02811509934382657,0.0234375,0.10537208382406321,9804.570808198965,0.24947547912597656
184,0.0,0.02670934437663524,0.0234375,0.10537208382406321,9824.221579782492,0.248976469039917
185,0.0,0.025373877157803478,0.0234375,0.10537208382406321,9846.568364153245,0.2484114170074463
186,0.0,0.024105183299913305,0.0234375,0.10537208382406321,9859.807349060176,0.2480778694152832
187,0.0,0.022899924134917638,0.0234375,0.10537208382406321,9798.858422175656,0.24962091445922852
188,0.0,0.021754927928171755,0.0234375,0.10537208382406321,9860.233783034382,0.24806714057922363
189,0.0,0.020667181531763168,0.0234375,0.10537208382406321,9810.927805159807,0.2493138313293457
190,0.0,0.019633822455175007,0.0234375,0.10537208382406321,9676.208300440365,0.25278496742248535
191,0.0,0.018652131332416257,0.0234375,0.10537208382406321,9903.599611164258,0.24698090553283691
192,0.0,0.01771952476579544,0.0234375,0.10537208382406321,9814.888683945675,0.24921321868896484
193,-0.7265625,-0.019494576472494335,0.0234375,0.301667981752691,9822.867068737212,0.24901080131530762
194,0.3046875,-0.0032854726488696154,0.0234375,0.30199544176008036,9806.548282536694,0.24942517280578613
195,0.455078125,0.019632707233573868,0.0234375,0.30222385016347736,9621.054906760071,0.25423407554626465
196,0.1298828125,0.02514521249689517,0.0234375,0.3033223588936323,9741.173528702433,0.2510991096496582
197,-0.38671875,0.004552014372050411,0.0234375,0.31205131266500713,9785.651821491627,0.24995779991149902
198,0.10546875,0.00959785115344789,0.0234375,0.3115749206433064,9767.186938834575,0.2504303455352783
199,0.0673828125,0.012487099220775497,0.0234375,0.31119110418674006,9713.191933498703,0.25182247161865234
200,0.142578125,0.018991650509736724,0.0234375,0.3114301300737518,9781.416064977648,0.25006604194641113
201,0.365234375,0.03630378673424989,0.0234375,0.31161040349631464,354.92064220867456,6.891681432723999
202,0.20703125,0.044840159897537396,0.0234375,0.3114634359089725,9690.585277571023,0.2524099349975586
203,-0.291015625,0.028047370652660525,0.0234375,0.32625839056534717,9771.84781498838,0.25031089782714844
204,0.625,0.057895002120027496,0.0234375,0.32643940123681564,9725.576569735751,0.25150179862976074
205,0.0,0.05500025201402612,0.0234375,0.32643940123681564,9846.936946310207,0.24840211868286133
206,0.0,0.05225023941332481,0.0234375,0.32643940123681564,9877.483106950162,0.2476339340209961
207,0.0,0.04963772744265857,0.0234375,0.32643940123681564,9849.71637704257,0.24833202362060547
208,0.0,0.04715584107052564,0.0234375,0.32643940123681564,9769.577291824584,0.2503690719604492
209,0.0,0.04479804901699935,0.0234375,0.32643940123681564,9844.17797548567,0.24847173690795898
210,0.0,0.04255814656614938,0.0234375,0.32643940123681564,9826.414045304344,0.24892091751098633
211,0.0,0.04043023923784191,0.0234375,0.32643940123681564,9873.54757445629,0.24773263931274414
212,0.0,0.038408727275949815,0.0234375,0.32643940123681564,9785.605152212314,0.24995899200439453
213,0.0,0.036488290912152326,0.0234375,0.32643940123681564,9837.730662828462,0.24863457679748535
214,0.0,0.03466387636654471,0.0234375,0.32643940123681564,9860.319074255618,0.24806499481201172
215,0.0,0.03293068254821747,0.0234375,0.32643940123681564,9867.69760753769,0.2478795051574707
216,0.0,0.031284148420806596,0.0234375,0.32643940123681564,9866.947869750837,0.24789834022521973
217,0.0,0.029719940999766263,0.0234375,0.32643940123681564,9921.883845710461,0.24652576446533203
218,0.0,0.028233943949777948,0.0234375,0.32643940123681564,9868.162692026897,0.24786782264709473
219,0.0,0.026822246752289048,0.0234375,0.32643940123681564,9902.261355355373,0.24701428413391113
220,0.0,0.025481134414674596,0.0234375,0.32643940123681564,9806.16397153142,0.2494349479675293
221,0.0,0.024207077693940864,0.0234375,0.32643940123681564,355.0479178984785,6.889210939407349
222,0.0,0.022996723809243818,0.0234375,0.32643940123681564,9903.542249924945,0.24698233604431152
223,0.0,0.021846887618781625,0.0234375,0.32643940123681564,9772.62040565938,0.250291109085083
224,0.0,0.020754543237842545,0.0234375,0.32643940123681564,9794.031499701194,0.24974393844604492
225,0.0,0.019716816075950418,0.0234375,0.32643940123681564,9837.155252131057,0.24864912033081055
226,0.0,0.018730975272152894,0.0234375,0.32643940123681564,9785.353145795956,0.24996542930603027
227,0.0,0.01779442650854525,0.0234375,0.32643940123681564,9912.910491429455,0.2467489242553711
228,0.0,0.016904705183117985,0.0234375,0.32643940123681564,9866.0369493113,0.24792122840881348
229,0.0,0.016059469923962084,0.0234375,0.32643940123681564,9863.874187205853,0.24797558784484863
230,0.0,0.015256496427763978,0.0234375,0.32643940123681564,9924.936183715365,0.24644994735717773
231,0.0,0.014493671606375779,0.0234375,0.32643940123681564,9820.770194802088,0.24906396865844727
232,0.0,0.01376898802605699,0.0234375,0.32643940123681564,9856.321450462205,0.24816560745239258
233,0.220703125,0.02411569487475414,0.0234375,0.32634939330236495,9784.914498921293,0.24997663497924805
234,0.1689453125,0.03135717575601643,0.0234375,0.32625274275258204,9582.950829227284,0.2552449703216553
235,0.349609375,0.04726978571821561,0.0234375,0.328512639873739,9647.255351740909,0.2535436153411865
236,0.1953125,0.05467192143230482,0.0234375,0.32823045826370345,9607.126247212938,0.25460267066955566
237,0.0,0.051938325360689576,0.0234375,0.32823045826370345,9832.582659491372,0.2487647533416748
238,0.0,0.049341409092655095,0.0234375,0.32823045826370345,9882.811527302012,0.24750041961669922
239,0.0,0.04687433863802234,0.0234375,0.32823045826370345,9877.606737278304,0.24763083457946777
240,0.0,0.044530621706121216,0.0234375,0.32823045826370345,9852.781241116498,0.24825477600097656
241,0.0,0.04230409062081515,0.0234375,0.32823045826370345,355.3653251464618,6.883057594299316
242,0.0,0.04018888608977439,0.0234375,0.32823045826370345,9870.954119878115,0.24779772758483887
243,0.0,0.03817944178528567,0.0234375,0.32823045826370345,9858.016729076404,0.2481229305267334
244,0.0,0.036270469696021386,0.0234375,0.32823045826370345,9866.644210915058,0.24790596961975098
245,0.0,0.034456946211220314,0.0234375,0.32823045826370345,9855.185277261715,0.24819421768188477
246,0.0,0.0327340989006593,0.0234375,0.32823045826370345,9817.828558523124,0.24913859367370605
247,0.0,0.031097393955626332,0.0234375,0.32823045826370345,9867.147156019773,0.2478933334350586
248,0.0,0.029542524257845013,0.0234375,0.32823045826370345,9855.999508125535,0.24817371368408203
249,0.0,0.028065398044952762,0.0234375,0.32823045826370345,9826.49875244363,0.24891877174377441
250,0.0,0.026662128142705122,0.0234375,0.32823045826370345,9871.049094175185,0.24779534339904785
251,0.0,0.025329021735569866,0.0234375,0.32823045826370345,9789.751120271767,0.24985313415527344
252,0.0,0.02406257064879137,0.0234375,0.32823045826370345,9795.340659676405,0.2497105598449707
253,0.0,0.0228594421163518,0.0234375,0.32823045826370345,9872.606933451378,0.2477562427520752
254,0.0,0.02171647001053421,0.0234375,0.32823045826370345,9823.02695684645,0.2490067481994629
255,0.0,0.0206306465100075,0.0234375,0.32823045826370345,9865.638474505697,0.24793124198913574
256,0.0,0.019599114184507126,0.0234375,0.0,8754.253782261216,0.2794070243835449
1,0.0,0.0,0.05859375,0.0,223.65546162957415,10.802329540252686
2,0.0,0.0,0.05859375,0.0,9868.62381261236,0.24481630325317383
3,0.0,0.0,0.05859375,0.0,9910.70527367933,0.24377679824829102
4,0.0,0.0,0.05859375,0.0,9917.320221728101,0.24361419677734375
5,0.0,0.0,0.05859375,0.0,9861.017981249988,0.24500513076782227
6,0.0,0.0,0.05859375,0.0,9871.152082028422,0.24475359916687012
7,0.0,0.0,0.05859375,0.0,9799.519825931387,0.24654269218444824
8,0.0,0.0,0.05859375,0.0,9874.605309624132,0.24466800689697266
9,0.0,0.0,0.05859375,0.0,9622.192150651581,0.2510862350463867
10,0.0,0.0,0.05859375,0.0,9696.587790846772,0.2491598129272461
11,0.0,0.0,0.05859375,0.0,9869.162042817436,0.24480295181274414
12,0.0,0.0,0.05859375,0.0,9891.782224261297,0.24424314498901367
13,0.0,0.0,0.05859375,0.0,9825.573761336058,0.24588894844055176
14,0.0,0.0,0.05859375,0.0,9784.390130485075,0.24692392349243164
15,0.0,0.0,0.05859375,0.0,9897.289145000294,0.24410724639892578
16,0.0,0.0,0.05859375,0.0,9869.315833659603,0.24479913711547852
17,0.0,0.0,0.05859375,0.0,9816.826185853843,0.2461080551147461
18,0.0,0.0,0.05859375,0.0,9779.72535727797,0.2470417022705078
19,0.0,0.0,0.05859375,0.0,9607.987249321837,0.25145745277404785
20,0.0,0.0,0.05859375,0.0,9807.420201656534,0.24634408950805664
21,-0.52734375,-0.0263671875,0.05859375,0.024263780589860052,319.085217698302,7.571645021438599
22,-0.37890625,-0.043994140625,0.05859375,0.032305546195730464,9784.012250486137,0.2469334602355957
23,0.029296875,-0.04032958984374999,0.05859375,0.05753417507830788,9555.214230080885,0.25284624099731445
24,0.12353515625,-0.03213635253906249,0.05859375,0.06820724832792349,9786.440638288215,0.2468721866607666
25,-0.18359375,-0.03970922241210936,0.05859375,0.07160500193862461,9756.655925470192,0.24762582778930664
26,0.98046875,0.01129967620849611,0.05859375,0.13964149493410485,9815.314311838987,0.24614596366882324
27,-0.546875,-0.016609057601928694,0.05859375,0.14140389382417273,9665.382644077885,0.24996423721313477
28,-0.578125,-0.04468485472183226,0.05859375,0.14303327176880565,9743.447244588117,0.24796152114868164
29,0.0,-0.04245061198574064,0.05859375,0.14303327176880565,9804.307849492536,0.24642229080200195
30,0.0,-0.04032808138645361,0.05859375,0.14303327176880565,9804.526029295233,0.24641680717468262
31,0.0,-0.03831167731713093,0.05859375,0.14303327176880565,9835.491907641806,0.24564099311828613
32,0.0,-0.03639609345127438,0.05859375,0.14303327176880565,9892.458182670154,0.24422645568847656
33,0.0,-0.03457628877871066,0.05859375,0.14303327176880565,9865.683805518234,0.2448892593383789
34,0.0,-0.032847474339775126,0.05859375,0.14303327176880565,9817.054433710382,0.24610233306884766
35,0.0,-0.031205100622786367,0.05859375,0.14303327176880565,9813.916955754543,0.24618101119995117
36,0.0,-0.029644845591647047,0.05859375,0.14303327176880565,9873.91254662452,0.24468517303466797
37,0.0,-0.028162603312064695,0.05859375,0.14303327176880565,9855.733462234615,0.24513649940490723
38,0.0,-0.02675447314646146,0.05859375,0.14303327176880565,9807.591058666852,0.2463397979736328
39,0.0,-0.025416749489138385,0.05859375,0.14303327176880565,9811.930923431906,0.2462308406829834
40,0.0,-0.024145912014681463,0.05859375,0.14303327176880565,9849.880115242402,0.24528217315673828
41,-0.1875,-0.032313616413947394,0.05859375,0.14356607107034278,344.10522501837266,7.021108150482178
42,0.111328125,-0.025131529343250022,0.05859375,0.15254912517949393,9813.736374139653,0.2461855411529541
43,-0.36328125,-0.04203901537608752,0.05859375,0.15726261247644688,9840.066714960178,0.24552679061889648
44,-0.08935546875,-0.044404838044783145,0.05859375,0.1571381618483505,9632.491130278724,0.25081777572631836
45,0.0,-0.04218459614254399,0.05859375,0.1571381618483505,9807.22087600156,0.24634909629821777
46,0.0,-0.040075366335416786,0.05859375,0.1571381618483505,9905.861208593768,0.2438960075378418
47,0.0,-0.038071598018645944,0.05859375,0.1571381618483505,9892.255385447406,0.2442314624786377
48,0.0,-0.03616801811771365,0.05859375,0.1571381618483505,9906.907125664555,0.24387025833129883
49,0.0,-0.03435961721182797,0.05859375,0.1571381618483505,9854.612070088904,0.2451643943786621
50,0.0,-0.03264163635123657,0.05859375,0.1571381618483505,9804.24144887125,0.24642395973205566
51,0.0,-0.031009554533674738,0.05859375,0.1571381618483505,9801.567200169462,0.2464911937713623
52,0.0,-0.029459076806991,0.05859375,0.1571381618483505,9848.884493221834,0.24530696868896484
53,1.140625,0.02904512703335856,0.05859375,0.18013642674405766,9808.777729917461,0.24630999565124512
54,-0.373046875,0.008940526931690628,0.05859375,0.183139415254099,9765.211855358155,0.24740886688232422
55,-0.1796875,-0.0004908744148939045,0.05859375,0.1872729304536284,9746.708561689293,0.2478785514831543
56,-0.17578125,-0.00925539319414921,0.05859375,0.1874602731246309,9676.827673402815,0.24966859817504883
57,-0.11474609375,-0.014529928221941749,0.05859375,0.18819215391817568,9714.603067354095,0.24869775772094727
58,-0.064453125,-0.01702608806084466,0.05859375,0.18886138006594913,9717.313929593038,0.2486283779144287
59,-0.2197265625,-0.02716111178280243,0.05859375,0.18996764932449658,9719.410994458074,0.24857473373413086
60,0.10693359375,-0.020456376506162305,0.05859375,0.1937783876019521,9692.506938360122,0.24926471710205078
61,-1.078125,-0.07333980768085419,0.05859375,0.1935732215071951,342.558708651804,7.052805662155151
62,0.36328125,-0.051508754796811475,0.05859375,0.20048748217695014,9615.773307965668,0.2512538433074951
63,-0.37890625,-0.0678786295569709,0.05859375,0.2010039535554502,9689.374433703375,0.2493453025817871
64,-0.033203125,-0.06614485432912236,0.05859375,0.20653876412153896,9784.068930625233,0.2469320297241211
65,0.0,-0.06283761161266624,0.05859375,0.20653876412153896,9854.209581304165,0.24517440795898438
66,0.0,-0.05969573103203293,0.05859375,0.20653876412153896,9847.018244327253,0.24535346031188965
67,0.0,-0.05671094448043128,0.05859375,0.20653876412153896,9799.595639354124,0.24654078483581543
68,0.0,-0.05387539725640971,0.05859375,0.20653876412153896,9904.457315326956,0.24393057823181152
69,-0.224609375,-0.062412096143589224,0.05859375,0.20730171138558404,9772.491490787754,0.2472245693206787
70,0.388671875,-0.03985789758640976,0.05859375,0.22554444271819601,9752.148944565382,0.2477402687072754
71,-0.6171875,-0.06872437770708928,0.05859375,0.22631125073785255,9668.58267745084,0.24988150596618652
72,-0.193359375,-0.07495612757173482,0.05859375,0.2269683533558936,9750.441136171195,0.24778366088867188
73,0.0,-0.07120832119314809,0.05859375,0.2269683533558936,9786.969941114601,0.24685883522033691
74,0.0,-0.06764790513349069,0.05859375,0.2269683533558936,9829.233515915917,0.24579739570617676
75,0.0,-0.06426550987681615,0.05859375,0.2269683533558936,9825.678560139317,0.24588632583618164
76,0.0,-0.061052234382975336,0.05859375,0.2269683533558936,9881.914104303172,0.24448704719543457
77,0.0,-0.057999622663826564,0.05859375,0.2269683533558936,9860.509423662446,0.24501776695251465
78,0.0,-0.055099641530635235,0.05859375,0.2269683533558936,9802.145548743565,0.2464766502380371
79,0.0,-0.05234465945410347,0.05859375,0.2269683533558936,9811.161433240903,0.24625015258789062
80,0.0,-0.049727426481398294,0.05859375,0.2269683533558936,9729.816486682932,0.24830889701843262
81,-0.83203125,-0.08884261765732837,0.05859375,0.22833008517300662,343.81798093967535,7.0269739627838135
82,0.1767578125,-0.07556259614946195,0.05859375,0.23496067719817676,9658.059135301333,0.2501537799835205
83,0.5,-0.046784466341988844,0.05859375,0.2706161302208054,9794.187400810719,0.24667692184448242
84,-0.2294921875,-0.0559198523998894,0.05859375,0.27123895483409993,9750.112780052246,0.24779200553894043
85,-0.234375,-0.06484260977989492,0.05859375,0.27156873396999154,9711.763408563578,0.24877047538757324
86,0.474609375,-0.03787001054090017,0.05859375,0.28432640023925004,9730.199534875683,0.24829912185668945
87,-0.2373046875,-0.047841744388855155,0.05859375,0.2844538186018362,9769.51428728437,0.2472999095916748
88,-0.1796875,-0.0544340321694124,0.05859375,0.283661037239379,9710.76759371592,0.2487959861755371
89,1.859375,0.04125641943905822,0.05859375,0.32529042583889717,9792.408060872069,0.24672174453735352
90,-0.404296875,0.018978754717105306,0.05859375,0.32523302487817674,9723.20665213958,0.24847769737243652
91,-0.287109375,0.003674348231250039,0.05859375,0.3257683131715163,9590.092588228725,0.2519266605377197
92,-0.189453125,-0.005982025430312465,0.05859375,0.3255309771215198,9703.486673005787,0.24898266792297363
93,0.0,-0.005682924158796841,0.05859375,0.3255309771215198,9755.322176441141,0.24765968322753906
94,0.0,-0.005398777950856999,0.05859375,0.3255309771215198,9818.281447806849,0.24607157707214355
95,0.0,-0.005128839053314149,0.05859375,0.3255309771215198,9795.399236353443,0.24664640426635742
96,0.0,-0.004872397100648441,0.05859375,0.3255309771215198,9747.205448118311,0.24786591529846191
97,0.0,-0.0046287772456160186,0.05859375,0.3255309771215198,9831.722562016828,0.24573516845703125
98,0.0,-0.0043973383833352175,0.05859375,0.3255309771215198,9811.142435009924,0.24625062942504883
99,0.0,-0.004177471464168457,0.05859375,0.3255309771215198,9822.268982630272,0.2459716796875
100,0.0,-0.003968597890960034,0.05859375,0.3255309771215198,9822.73551686601,0.24595999717712402
101,0.0,-0.003770167996412032,0.05859375,0.3255309771215198,344.40519276526845,7.014992952346802
102,0.0,-0.00358165959659143,0.05859375,0.3255309771215198,9828.060954036187,0.24582672119140625
103,0.0,-0.003402576616761858,0.05859375,0.3255309771215198,9891.280143526192,0.24425554275512695
104,0.0,-0.003232447785923765,0.05859375,0.3255309771215198,9912.275767084804,0.24373817443847656
105,-0.099609375,-0.008051294146627577,0.05859375,0.3255023892453049,9797.880647581624,0.2465839385986328
106,0.1953125,0.0021168955607038025,0.05859375,0.33124585917222166,9759.108345203047,0.24756360054016113
107,-0.193359375,-0.007656917967331388,0.05859375,0.33187541057238007,9735.238023139524,0.2481706142425537
108,-0.0771484375,-0.011131493943964819,0.05859375,0.332009405414476,9684.799798150478,0.24946308135986328
109,0.0,-0.010574919246766578,0.05859375,0.332009405414476,9583.94308710106,0.2520883083343506
110,0.0,-0.010046173284428249,0.05859375,0.332009405414476,9858.542855030335,0.24506664276123047
111,0.0,-0.009543864620206836,0.05859375,0.332009405414476,9865.760646148694,0.2448873519897461
112,0.0,-0.009066671389196495,0.05859375,0.332009405414476,9776.432479158566,0.24712491035461426
113,-0.54296875,-0.03576177531973667,0.05859375,0.33168226791810806,9677.00325163035,0.2496640682220459
114,0.1953125,-0.024208061553749834,0.05859375,0.3398013105036007,9806.92664817564,0.24635648727416992
115,-0.20703125,-0.03334922097606234,0.05859375,0.3405527330159903,9685.336677288567,0.2494492530822754
116,-0.318359375,-0.04759972867725923,0.05859375,0.3442933706027207,9778.545704737946,0.2470715045928955
117,0.0,-0.04521974224339626,0.05859375,0.3442933706027207,9848.463329108905,0.2453174591064453
118,0.0,-0.04295875513122645,0.05859375,0.3442933706027207,9751.820473413894,0.24774861335754395
119,0.0,-0.040810817374665125,0.05859375,0.3442933706027207,9837.945920336764,0.24557971954345703
120,0.0,-0.038770276505931865,0.05859375,0.3442933706027207,9822.392752700242,0.24596858024597168
121,0.0,-0.03683176268063527,0.05859375,0.3442933706027207,344.49562824285016,7.013151407241821
122,0.0,-0.034990174546603504,0.05859375,0.3442933706027207,9820.679290631266,0.24601149559020996
123,0.0,-0.033240665819273325,0.05859375,0.3442933706027207,9799.851518316505,0.2465343475341797
124,0.0,-0.031578632528309655,0.05859375,0.3442933706027207,9816.074944954671,0.24612689018249512
125,0.0,-0.02999970090189417,0.05859375,0.3442933706027207,9872.315713381071,0.24472475051879883
126,0.0,-0.02849971585679946,0.05859375,0.3442933706027207,9815.742153461078,0.24613523483276367
127,0.0,-0.027074730063959485,0.05859375,0.3442933706027207,9789.248487190385,0.24680137634277344
128,0.0,-0.02572099356076151,0.05859375,0.0,6259.350918632576,0.3859825134277344
129,0.0,-0.024434943882723433,0.0703125,0.0,238.11573749158444,10.17992353439331
130,0.0,-0.023213196688587262,0.0703125,0.0,9858.0992151912,0.24588918685913086
131,0.0,-0.022052536854157898,0.0703125,0.0,9858.080098047581,0.24588966369628906
132,0.0,-0.020949910011450003,0.0703125,0.0,9810.309657473575,0.2470870018005371
133,0.0,-0.0199024145108775,0.0703125,0.0,9843.048332334538,0.24626517295837402
134,0.0,-0.018907293785333623,0.0703125,0.0,9788.142827848138,0.24764657020568848
135,0.0,-0.01796192909606694,0.0703125,0.0,9826.257587882583,0.24668598175048828
136,0.0,-0.017063832641263592,0.0703125,0.0,9811.61615873077,0.2470541000366211
137,0.16015625,-0.008202828509200412,0.0703125,0.060246174707607035,9828.575388232382,0.2466278076171875
138,0.30859375,0.00763700041625961,0.0703125,0.0960072782591066,9778.361689031146,0.247894287109375
139,-0.1943359375,-0.0024616464795533723,0.0703125,0.09756976963948719,9749.855095590267,0.24861907958984375
140,-0.369140625,-0.020795595405575705,0.0703125,0.09861269698289334,9709.769557315567,0.24964547157287598
141,0.353515625,-0.0020800343852969173,0.0703125,0.11707186964827233,325.272223191609,7.452219486236572
142,-0.39453125,-0.021702595166032075,0.0703125,0.11838567951897158,9746.35951217361,0.24870824813842773
143,-0.71875,-0.05655496540773047,0.0703125,0.12007721258083162,9760.000860132475,0.24836063385009766
144,-0.48828125,-0.07814127963734395,0.0703125,0.12210971303117873,9703.588331634464,0.24980449676513672
145,0.0,-0.07423421565547675,0.0703125,0.12210971303117873,9823.76052694893,0.246748685836792
146,0.0,-0.07052250487270291,0.0703125,0.12210971303117873,9834.79324961452,0.24647188186645508
147,0.0,-0.06699637962906776,0.0703125,0.12210971303117873,9865.550985633954,0.24570345878601074
148,0.0,-0.06364656064761437,0.0703125,0.12210971303117873,9845.31685828912,0.24620842933654785
149,-0.240234375,-0.07247595136523365,0.0703125,0.12327601070966801,9750.060796231546,0.24861383438110352
150,0.61328125,-0.038188091296971954,0.0703125,0.14928610560960917,9771.876828323566,0.24805879592895508
151,-0.400390625,-0.05629821798212335,0.0703125,0.1501649887023254,9703.060465941919,0.2498180866241455
152,-0.1875,-0.06285830708301718,0.0703125,0.15201865308017207,9718.80997404683,0.24941325187683105
153,-0.9609375,-0.10776226672886632,0.0703125,0.18141878275514917,9738.060543251406,0.24892020225524902
154,-0.74609375,-0.139678840892423,0.0703125,0.1835753922529217,9707.247926932547,0.2497103214263916
155,-0.11328125,-0.13835896134780185,0.0703125,0.21056500846358908,9777.111039094047,0.2479259967803955
156,-0.4375,-0.15331601328041175,0.0703125,0.21405398756973432,9767.37069152687,0.24817323684692383
157,0.0,-0.14565021261639116,0.0703125,0.21405398756973432,9800.276355069649,0.24733996391296387
158,0.0,-0.1383677019855716,0.0703125,0.21405398756973432,9866.814789654345,0.24567198753356934
159,0.0,-0.13144931688629302,0.0703125,0.21405398756973432,9888.031744426247,0.24514484405517578
160,0.0,-0.12487685104197836,0.0703125,0.21405398756973432,9838.676268906587,0.24637460708618164
161,-0.373046875,-0.13728535223987945,0.0703125,0.2149752972807256,327.0822383185844,7.410980224609375
162,0.173828125,-0.12172967837788545,0.0703125,0.2365613059101947,9796.451899358659,0.2474365234375
163,-0.26171875,-0.12872913195899116,0.0703125,0.23945660141441757,9754.981497472741,0.2484884262084961
164,-0.5234375,-0.14846455036104161,0.0703125,0.24277107905515244,9777.78804295036,0.2479088306427002
165,-0.146484375,-0.14836554159298954,0.0703125,0.2415863971656498,9727.6531683066,0.24918651580810547
166,-0.224609375,-0.15217773326334005,0.0703125,0.24362110040229953,9781.447366598166,0.2478160858154297
167,1.078125,-0.09066259660017305,0.0703125,0.26381118471046594,9659.520335646477,0.2509441375732422
168,-0.65234375,-0.1187466542701644,0.0703125,0.2710144573427787,9814.154416420837,0.24699020385742188
169,0.142578125,-0.10568041530665617,0.0703125,0.2733334893277437,9742.362293093238,0.2488102912902832
170,-0.35546875,-0.11816983204132336,0.0703125,0.27502263944331057,9743.80950537218,0.24877333641052246
171,-0.6484375,-0.1446832154392572,0.0703125,0.2865464085435473,9828.936455547886,0.24661874771118164
172,0.158203125,-0.12953889841729432,0.0703125,0.2904044061897197,9762.971832649468,0.24828505516052246
173,0.0,-0.12306195349642961,0.0703125,0.2904044061897197,9859.351549597897,0.24585795402526855
174,0.0,-0.11690885582160812,0.0703125,0.2904044061897197,9878.597131347442,0.24537897109985352
175,0.0,-0.1110634130305277,0.0703125,0.2904044061897197,9895.249552781514,0.2449660301208496
176,0.0,-0.10551024237900132,0.0703125,0.2904044061897197,9830.903788193044,0.24656939506530762
177,0.0,-0.10023473026005125,0.0703125,0.2904044061897197,9824.947184711455,0.2467188835144043
178,0.0,-0.09522299374704868,0.0703125,0.2904044061897197,9867.714968713877,0.2456495761871338
179,0.0,-0.09046184405969623,0.0703125,0.2904044061897197,9852.357848120279,0.2460324764251709
180,0.0,-0.08593875185671142,0.0703125,0.2904044061897197,9781.757923691266,0.24780821800231934
181,0.0,-0.08164181426387584,0.0703125,0.2904044061897197,328.6478031251205,7.375676870346069
182,0.0,-0.07755972355068205,0.0703125,0.2904044061897197,9755.103174656479,0.24848532676696777
183,0.0,-0.07368173737314794,0.0703125,0.2904044061897197,9809.959422806942,0.24709582328796387
184,0.0,-0.06999765050449054,0.0703125,0.2904044061897197,9860.393810845568,0.24583196640014648
185,0.0,-0.06649776797926601,0.0703125,0.2904044061897197,9867.85862950518,0.24564599990844727
186,0.0,-0.06317287958030271,0.0703125,0.2904044061897197,9766.24480660574,0.24820184707641602
187,0.0,-0.060014235601287574,0.0703125,0.2904044061897197,9851.069109653416,0.2460646629333496
188,0.0,-0.05701352382122319,0.0703125,0.2904044061897197,9859.141211665738,0.2458631992340088
189,-0.0810546875,-0.058215582005162025,0.0703125,0.2900636867261921,9685.340893372582,0.2502751350402832
190,-0.32421875,-0.07151574040490392,0.0703125,0.2940145058305988,9689.226811168111,0.25017476081848145
191,-0.1416015625,-0.07502003150965872,0.0703125,0.29469699428809915,9802.468499894427,0.2472846508026123
192,0.25,-0.05876902993417578,0.0703125,0.2964655852692748,9724.154882644376,0.24927616119384766
193,-0.6796875,-0.08981495343746698,0.0703125,0.2966177990770524,9720.696288024232,0.24936485290527344
194,-0.4375,-0.10719920576559364,0.0703125,0.2979389398354182,9739.758394045208,0.24887681007385254
195,0.14453125,-0.09461268297731394,0.0703125,0.30708311527708265,9734.470885610552,0.24901199340820312
196,-0.1591796875,-0.09784103320344825,0.0703125,0.30681867162213866,9754.925339796324,0.2484898567199707
197,0.0,-0.09294898154327584,0.0703125,0.30681867162213866,9771.68898961415,0.2480635643005371
198,0.0,-0.08830153246611204,0.0703125,0.30681867162213866,9819.196940372023,0.24686336517333984
199,0.0,-0.08388645584280643,0.0703125,0.30681867162213866,9913.56258214992,0.24451351165771484
200,0.0,-0.07969213305066611,0.0703125,0.30681867162213866,9908.567545837024,0.24463677406311035
201,0.0,-0.0757075263981328,0.0703125,0.30681867162213866,331.23857922496376,7.317988157272339
202,0.0,-0.07192215007822615,0.0703125,0.30681867162213866,9833.689813462503,0.24649953842163086
203,0.0,-0.06832604257431484,0.0703125,0.30681867162213866,9836.429834966128,0.2464308738708496
204,0.0,-0.06490974044559909,0.0703125,0.30681867162213866,9836.743893271207,0.24642300605773926
205,0.0,-0.06166425342331913,0.0703125,0.30681867162213866,9915.602622706521,0.24446320533752441
206,0.0,-0.058581040752153174,0.0703125,0.30681867162213866,9860.680710411769,0.24582481384277344
207,0.0,-0.05565198871454551,0.0703125,0.30681867162213866,9851.326830374315,0.24605822563171387
208,0.0,-0.052869389278818235,0.0703125,0.30681867162213866,9824.662360703642,0.24672603607177734
209,-0.4453125,-0.07249154481487732,0.0703125,0.30773110272036464,9779.97954542831,0.24785327911376953
210,-0.3515625,-0.08644509257413345,0.0703125,0.30818386082877147,9695.574664655138,0.25001096725463867
211,-0.087890625,-0.08651736919542677,0.0703125,0.31290305213255176,9702.828964019247,0.24982404708862305
212,-1.1328125,-0.13883212573565543,0.0703125,0.31481760969188843,9642.114738115923,0.25139713287353516
213,-0.1318359375,-0.13848231632387265,0.0703125,0.31475800879550486,9656.190096106084,0.25103068351745605
214,-0.2080078125,-0.141958591132679,0.0703125,0.31474543041957953,9591.35795686103,0.2527275085449219
215,0.5234375,-0.10868878657604504,0.0703125,0.31716891965639665,9679.817367700978,0.25041794776916504
216,-0.447265625,-0.12561762849724278,0.0703125,0.31768117598169315,9601.140102895737,0.2524700164794922
217,-0.5078125,-0.14472737207238062,0.0703125,0.31705218522996464,9720.66840613243,0.24936556816101074
218,-0.53125,-0.16405350346876157,0.0703125,0.31921117686303907,9707.025493013552,0.24971604347229004
219,0.76953125,-0.11737426579532348,0.0703125,0.336959532657734,9800.795955903617,0.24732685089111328
220,-0.28515625,-0.1257633650055573,0.0703125,0.33778592012678965,9702.875263520045,0.24982285499572754
221,0.0,-0.11947519675527943,0.0703125,0.33778592012678965,328.1521565828153,7.386817216873169
222,0.0,-0.11350143691751545,0.0703125,0.33778592012678965,9867.85862950518,0.24564599990844727
223,0.0,-0.10782636507163967,0.0703125,0.33778592012678965,9825.29849039938,0.24671006202697754
224,0.0,-0.10243504681805768,0.0703125,0.33778592012678965,9831.550233580469,0.2465531826019287
225,-0.671875,-0.1309070444771548,0.0703125,0.33974481868942374,9827.169378878385,0.24666309356689453
226,0.41796875,-0.10346325475329704,0.0703125,0.35969171795795046,9683.47749759032,0.2503232955932617
227,0.2041015625,-0.08808501389063218,0.0703125,0.3782755253644591,9747.779874708294,0.2486720085144043
228,-0.478515625,-0.10760654444610057,0.0703125,0.37749444425170053,9589.467231955481,0.2527773380279541
229,0.0,-0.10222621722379553,0.0703125,0.37749444425170053,9647.732630368317,0.2512507438659668
230,0.0,-0.09711490636260575,0.0703125,0.37749444425170053,9751.0146126254,0.24858951568603516
231,0.0,-0.09225916104447546,0.0703125,0.37749444425170053,9837.219777402148,0.24641108512878418
232,0.0,-0.08764620299225168,0.0703125,0.37749444425170053,9708.341708657876,0.24968218803405762
233,0.0,-0.08326389284263909,0.0703125,0.37749444425170053,9859.867871665492,0.24584507942199707
234,0.0,-0.07910069820050714,0.0703125,0.37749444425170053,9646.203988846184,0.25129055976867676
235,0.0,-0.07514566329048178,0.0703125,0.37749444425170053,9855.576393129882,0.24595212936401367
236,0.0,-0.07138838012595769,0.0703125,0.37749444425170053,9728.146480134646,0.24917387962341309
237,0.0,-0.0678189611196598,0.0703125,0.37749444425170053,9786.993306874003,0.24767565727233887
238,0.0,-0.06442801306367682,0.0703125,0.37749444425170053,9820.780906696238,0.24682354927062988
239,0.0,-0.06120661241049297,0.0703125,0.37749444425170053,9855.805687231357,0.24594640731811523
240,0.0,-0.05814628178996832,0.0703125,0.37749444425170053,9834.564932163026,0.24647760391235352
241,0.0,-0.055238967700469904,0.0703125,0.37749444425170053,328.7205266696902,7.374045133590698
242,0.0,-0.052477019315446405,0.0703125,0.37749444425170053,9881.016515994099,0.24531888961791992
243,0.0,-0.049853168349674085,0.0703125,0.37749444425170053,9786.851990966865,0.2476792335510254
244,0.0,-0.047360509932190376,0.0703125,0.37749444425170053,9774.009303917393,0.24800467491149902
245,0.0,-0.044992484435580855,0.0703125,0.37749444425170053,9857.583078337153,0.24590206146240234
246,0.0,-0.04274286021380181,0.0703125,0.37749444425170053,9867.42765967978,0.24565672874450684
247,0.0,-0.040605717203111714,0.0703125,0.37749444425170053,9825.564360052535,0.2467033863067627
248,0.0,-0.03857543134295613,0.0703125,0.37749444425170053,9827.587339638254,0.24665260314941406
249,-0.140625,-0.04367790977580832,0.0703125,0.37853819564628016,9767.558364252267,0.2481684684753418
250,-0.11328125,-0.0471580767870179,0.0703125,0.3772968129703338,9760.797315706859,0.24834036827087402
251,0.1630859375,-0.036645876072667005,0.0703125,0.38193138672854543,9696.564089211884,0.2499854564666748
252,-0.39453125,-0.054540144769033655,0.0703125,0.38182116574629393,9724.843176153026,0.24925851821899414
253,0.0,-0.05181313753058197,0.0703125,0.38182116574629393,9639.527586020542,0.2514646053314209
254,0.0,-0.049222480654052866,0.0703125,0.38182116574629393,9808.284321783725,0.24713802337646484
255,0.0,-0.04676135662135022,0.0703125,0.38182116574629393,9881.59273463818,0.24530458450317383
256,0.0,-0.044423288790282706,0.0703125,0.0,8706.182529393127,0.27842283248901367
