step,train_loss,ema_loss,val_metric,grad_norm,tok_per_s,elapsed_s
1,0.478515625,0.478515625,nan,1.1458617416273063,1541.368622304853,1.1626031398773193
2,0.66796875,0.48798828125,nan,2.166061113807036,7484.108366312574,0.1373577117919922
3,0.64453125,0.4958154296875,nan,2.718732966029986,8787.406690886397,0.14975976943969727
4,0.8203125,0.512040283203125,nan,3.888874640359333,8536.58053222189,0.12979435920715332
5,0.60546875,0.5167117065429687,nan,0.9356412773079755,2535.105433119976,0.6800506114959717
6,0.73046875,0.5273995587158202,nan,1.7151213258109386,8925.129383924186,0.151930570602417
7,0.83203125,0.5426311432800293,nan,2.738109054844712,9074.897092630155,0.15339016914367676
8,0.69140625,0.5500698986160277,nan,3.453506320967372,8477.070330709175,0.14627695083618164
9,0.66796875,0.5559648411852264,nan,0.8668442131917558,7197.832155365946,0.1933915615081787
10,0.61328125,0.5588306616259651,nan,1.538623400156802,8470.023128860119,0.15159344673156738
11,0.71875,0.5668266285446667,nan,2.1482630691444764,8772.769126620633,0.15320134162902832
12,0.71875,0.5744227971174333,nan,2.712720575563003,8357.31253179583,0.13497161865234375
13,0.6875,0.5800766572615617,nan,1.1572499112774584,6425.556939161038,0.1842641830444336
14,0.8515625,0.5936509493984836,nan,1.6090672972674165,8404.93834181974,0.22938895225524902
15,0.80859375,0.6043980894285594,nan,2.3101181017770767,9402.697885499221,0.15697622299194336
16,0.53125,0.6007406849571315,nan,2.842825872764239,8641.306764323686,0.1513659954071045
17,0.55078125,0.5982427132092749,nan,0.9272334862186716,8604.07108078573,0.23802685737609863
18,0.609375,0.5987993275488112,nan,1.4606879651397064,8135.31644945345,0.14406323432922363
19,0.609375,0.5993281111713706,nan,2.032893709140293,8244.828564129184,0.1465160846710205
20,0.70703125,0.6047132681128021,nan,2.63306009445353,8515.394326453303,0.1418607234954834
21,0.466796875,0.597817448457162,nan,0.7805956100301572,6784.726133736228,0.18983817100524902
22,0.7734375,0.6065984510343039,nan,1.790946426091212,8960.426316941188,0.12856531143188477
23,0.55078125,0.6038075909825887,nan,2.274777700524069,9345.780215475024,0.155792236328125
24,0.65234375,0.6062343989334592,nan,3.4643667991501963,6853.155390997703,0.12724065780639648
25,0.55078125,0.6034617414867862,nan,0.9679888423255469,6560.725377971978,0.18595504760742188
26,0.6484375,0.605710529412447,nan,1.5980301902220333,7776.00678013984,0.2700614929199219
27,0.75,0.6129250029418246,nan,2.3014784927766083,8621.850340222374,0.1503157615661621
28,0.494140625,0.6069857840447334,nan,2.711318591925758,10157.616552319183,0.1945338249206543
29,0.5859375,0.6059333698424967,nan,0.8102178640775044,8028.349441574245,0.22021961212158203
30,0.7421875,0.6127460763503718,nan,1.4984285673275972,8121.275697903047,0.1433272361755371
31,0.63671875,0.6139447100328532,nan,2.1172686429589085,8430.873666997257,0.14375734329223633
32,1.15625,0.6410599745312106,nan,2.743933859186712,8280.389464048409,0.1429884433746338
33,0.515625,0.63478822580465,nan,0.8656242982018416,7248.298298627561,0.19425249099731445
34,0.67578125,0.6368378770144175,nan,1.249334093834636,8573.598890518768,0.15489411354064941
35,0.44921875,0.6274569206636966,nan,1.579473079951015,8169.028293927741,0.14836525917053223
36,0.5234375,0.6222559496305117,nan,2.1142357859705787,8640.192767938259,0.13147854804992676
37,0.70703125,0.6264947146489861,nan,1.0929002493989743,6292.5571975095645,0.17480969429016113
38,0.51953125,0.6211465414165368,nan,1.4208568270520712,7861.039749957279,0.12975382804870605
39,0.7265625,0.62641733934571,nan,1.7105023229884744,9204.553297519717,0.17730355262756348
40,0.6796875,0.6290808473784244,nan,2.136940739781717,8226.827574251132,0.14440560340881348
41,0.50390625,0.6228221175095031,nan,0.7719646603719087,7202.825068989464,0.19603419303894043
42,0.416015625,0.6124817928840279,nan,1.1211636722923244,9451.520558753306,0.1616671085357666
43,0.54296875,0.6090061407398265,nan,1.4304967881122725,9553.895652303541,0.15993475914001465
44,0.6015625,0.6086339587028351,nan,1.8659547568460848,8764.444028517357,0.14878296852111816
45,0.458984375,0.6011514795176933,nan,1.0072228508896388,6327.189200743368,0.17511725425720215
46,0.51953125,0.5970704680418086,nan,1.281085743199308,8999.503998397622,0.17378735542297363
47,0.453125,0.5898731946397182,nan,1.4681374694145621,9851.640763899592,0.18717694282531738
48,0.91015625,0.6058873474077323,nan,1.983799548482063,10447.647652314206,0.20865941047668457
49,1.0859375,0.6298898550373457,nan,1.4051560244146695,6425.909705442025,0.17740678787231445
50,0.4921875,0.6230047372854784,nan,1.6964015374926558,8588.519204035176,0.14903616905212402
51,0.59375,0.6215420004212044,nan,2.019634110932058,8893.053231355876,0.17406845092773438
52,0.89453125,0.6351914629001442,nan,2.205259109693194,10482.33564352843,0.21025848388671875
53,0.9140625,0.6491350147551369,nan,1.061679068106664,6514.349614984278,0.17499828338623047
54,0.51171875,0.6422642015173801,nan,1.5210538405086311,8706.26693200537,0.1502366065979004
55,0.8203125,0.6511666164415111,nan,1.9158663843052113,8657.275094179204,0.17834711074829102
56,0.56640625,0.6469285981194355,nan,2.207135387173032,9092.477413834085,0.17552971839904785
57,0.69140625,0.6491524807134637,nan,1.1738943715920225,5745.716747264355,0.17334651947021484
58,0.67578125,0.6504839191777905,nan,1.9873506496075222,8342.08705806123,0.13761544227600098
59,0.56640625,0.6462800357189009,nan,2.228149562118957,9382.958001427203,0.15602755546569824
60,0.42578125,0.6352550964329557,nan,2.4786564664451642,8021.970632857779,0.1441042423248291
61,0.578125,0.632398591611308,nan,0.7499026191685834,7339.955734716862,0.21635007858276367
62,0.52734375,0.6271458495307425,nan,1.3192248738821621,7557.904471075647,0.129136323928833
63,0.58203125,0.6248901195542053,nan,1.5657182465668487,9285.214371495833,0.17490172386169434
64,0.48046875,0.617669051076495,nan,1.8292710242673142,9245.213461551512,0.1756584644317627
65,0.44921875,0.6092465360226702,nan,0.6540691444858949,8050.340611766222,0.22210240364074707
66,0.53125,0.6053467092215367,nan,0.8689020872333201,10369.538681797085,0.2121598720550537
67,0.875,0.6188293737604598,nan,1.7650690053752276,8593.04970915817,0.13173437118530273
68,0.8359375,0.6296847800724367,nan,2.1543513126109075,9287.734757161597,0.1782996654510498
69,0.76953125,0.6366771035688148,nan,0.8967138167950652,8443.379540520398,0.23545074462890625
70,0.5625,0.632968248390374,nan,1.223244497163767,8974.495612704231,0.15243196487426758
71,0.33203125,0.6179213984708553,nan,1.365783305623476,9783.04160464822,0.18276524543762207
72,0.53515625,0.6137831410473125,nan,1.6803480053880826,9108.503422807695,0.17302513122558594
73,0.443359375,0.6052619527449469,nan,0.7514231081565483,7567.476283436836,0.19821667671203613
74,0.4375,0.5968738551076995,nan,1.04443236877665,9922.741949417796,0.17938590049743652
75,0.439453125,0.5890028186023145,nan,1.365761403365079,9074.30214176545,0.1745588779449463
76,0.453125,0.5822089276721988,nan,1.5104667078978011,9412.090144323938,0.18146872520446777
77,0.51953125,0.5790750437885889,nan,0.707120818671979,7455.298922374107,0.21622204780578613
78,0.76953125,0.5885978540991594,nan,1.3132967665654935,8267.311911797487,0.14224696159362793
79,0.51953125,0.5851445238942015,nan,2.044531302051714,8694.44039437415,0.1283578872680664
80,0.44140625,0.5779576101994914,nan,2.2408927192429227,8236.860765452897,0.1418015956878662
81,0.5390625,0.5760128546895169,nan,1.021633515292829,6125.014617214332,0.16979551315307617
82,0.578125,0.576118461955041,nan,1.2825215330974709,9221.577377420002,0.15789055824279785
83,0.427734375,0.5686992576072889,nan,1.5004349814003652,8310.310179600365,0.1415109634399414
84,0.416015625,0.5610650759769243,nan,1.6785240727058945,9296.032088846596,0.15834712982177734
85,0.52734375,0.5593790096780781,nan,0.8857509358266739,6398.466919187432,0.17441678047180176
86,0.6328125,0.5630506841941741,nan,1.1330690277310882,9695.974100587731,0.1823437213897705
87,0.380859375,0.5539411187344654,nan,1.3544681720594978,8579.074415701958,0.1459364891052246
88,0.3671875,0.544603437797742,nan,1.5005137861490132,10258.281096195651,0.19730401039123535
89,0.341796875,0.5344631096578549,nan,0.6814564128939138,6483.040414420721,0.17029047012329102
90,0.81640625,0.5485602666749622,nan,1.3502670183367353,9277.22016697387,0.15392541885375977
91,0.640625,0.553163503341214,nan,1.558674606571524,9998.519130512295,0.18722772598266602
92,0.462890625,0.5486498594241533,nan,1.7323403275344602,10308.702138836774,0.2033233642578125
93,0.8125,0.5618423664529457,nan,1.0951364822554606,6339.049131468869,0.16911053657531738
94,0.46484375,0.5569924356302983,nan,1.4190063223840752,9046.51387264553,0.16227245330810547
95,0.6171875,0.5600021888487834,nan,1.8584705640396166,7343.52815797086,0.12528038024902344
96,0.421875,0.5530958294063442,nan,2.0330802318998784,9525.628574621209,0.15788984298706055
97,0.44921875,0.5479019754360269,nan,0.7341395312006025,6900.714240405962,0.19244384765625
98,0.53125,0.5470693766642256,nan,0.9488886577852623,9350.992065545837,0.17966008186340332
99,0.3515625,0.5372940328310143,nan,1.2384330944399242,8907.45014316263,0.17827773094177246
100,0.423828125,0.5316207374394636,nan,1.4636999494232212,9116.954220557678,0.15443754196166992
101,0.455078125,0.5277936068174903,nan,0.9702934979422658,6065.483178804413,0.17871618270874023
102,0.419921875,0.5224000202266158,nan,1.1667849423867986,8948.323342327009,0.17522835731506348
103,0.431640625,0.517862050465285,nan,1.3764796332937206,8901.871149710967,0.15367555618286133
104,0.466796875,0.5153087916920207,nan,1.7405595134426115,8546.546588429977,0.15070414543151855
105,0.65234375,0.5221605396074197,nan,1.0623005526321159,7243.239835010174,0.19438815116882324
106,0.462890625,0.5191970438770487,nan,1.2375938394371933,9308.506752927065,0.1594240665435791
107,0.578125,0.5221434416831963,nan,1.4365321870988925,8350.367997022979,0.15376567840576172
108,0.74609375,0.5333409570990364,nan,1.8259325057090243,8489.419860847565,0.15077590942382812
109,0.51171875,0.5322598467440846,nan,0.9724344418719342,6592.272253147272,0.17110943794250488
110,0.439453125,0.5276195106568803,nan,1.1634362220702834,9287.825009439375,0.17743659019470215
111,0.4140625,0.5219416601240363,nan,1.3269049571484413,8544.490528641149,0.14699530601501465
112,0.421875,0.5169383271178345,nan,1.676873563940248,8933.274208292627,0.15179204940795898
113,0.53125,0.5176539107619428,nan,0.6908717428992442,7907.188126975402,0.222076416015625
114,0.46875,0.5152087152238456,nan,1.0815118199450642,8519.576647216527,0.15118122100830078
115,0.69921875,0.5244092169626533,nan,1.5293150046529298,8505.670416187491,0.1279146671295166
116,0.37109375,0.5167434436145206,nan,1.6691884636152445,9349.93413705982,0.15957331657409668
117,0.52734375,0.5172734589337946,nan,0.6572832502173706,7914.232857695203,0.2213733196258545
118,0.49609375,0.5162144734871049,nan,1.1093223242054482,9037.911234634594,0.15844368934631348
119,0.4765625,0.5142318748127497,nan,1.3209885780817674,8804.912429156917,0.17626523971557617
120,0.93359375,0.5351999685721122,nan,1.715068720225954,8932.52895426406,0.159865140914917
121,0.5546875,0.5361743451435065,nan,0.7745277864521829,7195.324218166911,0.21402788162231445
122,0.3671875,0.5277250028863311,nan,0.9848083827523807,8535.032112227218,0.1490328311920166
123,0.5,0.5263387527420145,nan,1.283336747174176,9296.745498248425,0.16306781768798828
124,0.41796875,0.5209202526049137,nan,1.47429572317084,8347.431897410968,0.14615273475646973
125,0.9609375,0.542921114974668,nan,0.9504819334417635,7935.814639864841,0.22127532958984375
126,0.3984375,0.5356969342259346,nan,1.1638936394571864,9725.90953378746,0.18137121200561523
127,0.5078125,0.5343027125146378,nan,1.4210457442403204,8452.149564525544,0.14623498916625977
128,0.5234375,0.5337594518889058,nan,1.6842576932820386,8151.6916240121245,0.12758088111877441
129,0.44140625,0.5291417917944605,nan,0.6218536027990296,7373.832541278661,0.19691252708435059
130,0.53125,0.5292472022047375,nan,1.2075718726541593,8347.561306497757,0.14758801460266113
131,0.4921875,0.5273942170945006,nan,1.4199744859210253,9059.01396931979,0.15410065650939941
132,0.53515625,0.5277823187397755,nan,1.5909254762422522,9024.518294806185,0.1759650707244873
133,0.447265625,0.5237564840527867,nan,0.6571585060816999,7549.994839830746,0.19867563247680664
134,0.5390625,0.5245217848501473,nan,1.0920336394636678,8374.54096060865,0.14615726470947266
135,0.41015625,0.5188035081076399,nan,1.306797004954867,8763.620096494453,0.15244841575622559
136,0.5234375,0.5190352077022579,nan,1.5946873464731288,8549.371581214265,0.1469113826751709
137,0.66015625,0.5260912598171449,nan,1.0797264879770374,5298.3692822787325,0.17061853408813477
138,0.52734375,0.5261538843262876,nan,1.4406032869069154,8718.897950178703,0.1458899974822998
139,0.484375,0.5240649401099732,nan,1.6985639166284947,8997.255685542335,0.15604758262634277
140,0.55859375,0.5257913806044745,nan,1.8618254297234078,9547.493435740294,0.1797330379486084
141,0.482421875,0.5236229053242508,nan,0.7498534441571567,6449.915033573942,0.17426586151123047
142,0.392578125,0.5170706663080382,nan,0.9667601105737654,8339.168643044806,0.15445184707641602
143,0.458984375,0.5141663517426363,nan,1.2899135611902195,9511.95749789092,0.15769624710083008
144,0.484375,0.5126767841555044,nan,1.5455104508659385,8801.513278110637,0.17496991157531738
145,0.61328125,0.5177070074477292,nan,0.7596188063536007,7534.118029605737,0.21820735931396484
146,0.478515625,0.5157474383253428,nan,1.0997983404044502,8447.167836883798,0.12974762916564941
147,0.470703125,0.5134952226590755,nan,1.3344277261753985,5849.307706408819,0.41098880767822266
148,0.53515625,0.5145782740261218,nan,1.6852313778380184,8452.398913226609,0.14575743675231934
149,0.466796875,0.5121892040748157,nan,0.9344916520439819,6589.679094780039,0.18695902824401855
150,0.3984375,0.5065016188710749,nan,1.1776069103605697,1595.601471152312,0.8322880268096924
151,0.67578125,0.5149656004275212,nan,1.5488752771888357,9051.558833502371,0.1582047939300537
152,0.33984375,0.506209507906145,nan,1.6409620883985594,9124.120686255177,0.154754638671875
153,0.36328125,0.4990630950108378,nan,0.6875798511274487,7053.947505464595,0.19393396377563477
154,0.45703125,0.4969615027602959,nan,0.8848979044360811,9783.104361283538,0.18317294120788574
155,0.7734375,0.5107853026222811,nan,1.0999521499977796,10263.96085535721,0.4119267463684082
156,0.5390625,0.5121991624911669,nan,1.498440219634449,7490.26690633648,0.14258503913879395
157,0.490234375,0.5111009231166086,nan,0.7848571726207172,6699.462956753228,0.18628358840942383
158,0.6171875,0.5164052519607781,nan,1.1589327456259588,9574.142443989458,0.17839717864990234
159,0.4453125,0.5128506143627392,nan,1.4053685934302598,8929.08473589403,0.15723896026611328
160,0.48046875,0.5112315211446021,nan,1.6130465684609503,8627.783593694667,0.15484857559204102
161,0.482421875,0.509791038837372,nan,0.7209755249946792,7545.11076956567,0.19933438301086426
162,0.416015625,0.5051022681455033,nan,0.9721102015971246,9046.746444925067,0.16182613372802734
163,0.46875,0.5032846547382281,nan,1.2294765540053472,8853.215839652343,0.16129732131958008
164,0.6875,0.5124954220013167,nan,1.6564820392302952,7307.894755377614,0.12862801551818848
165,0.6328125,0.5185112759012509,nan,0.7432414937509667,8008.414792363009,0.22276568412780762
166,0.7265625,0.5289138371061883,nan,1.0266834017179356,11309.22247602728,0.6433687210083008
167,0.40234375,0.5225853327508789,nan,1.2763164447098,8175.821488112031,0.14873123168945312
168,0.578125,0.525362316113335,nan,1.6077250354953776,8880.131254787826,0.17522263526916504
169,0.61328125,0.5297582628076681,nan,0.8158644748641215,7346.2765880708175,0.19765114784240723
170,0.478515625,0.5271961309172847,nan,1.0982295094963541,8465.166006042105,0.15073537826538086
171,0.421875,0.5219300743714205,nan,1.2584199658031185,9472.898219360255,0.1794593334197998
172,0.4609375,0.5188804456528494,nan,1.4682431728765937,9148.035917260171,0.1560990810394287
173,0.462890625,0.516080954620207,nan,0.5624825787116884,8307.812338739355,0.2287003993988037
174,0.5546875,0.5180112818891967,nan,0.9331352042100618,8720.414551894464,0.15320372581481934
175,0.443359375,0.5142786865447369,nan,1.2307529608120655,8079.31558486787,0.1430814266204834
176,0.47265625,0.5121975647175,nan,1.4184523390538055,9112.445128403624,0.15275812149047852
177,0.291015625,0.501138467731625,nan,0.5758986095314205,6604.675693509499,0.170182466506958
178,0.41015625,0.4965893568450437,nan,0.909784244787599,9369.412865780294,0.15753388404846191
179,0.384765625,0.49099817025279147,nan,1.1296102301468893,10099.372466205967,0.19644784927368164
180,0.53515625,0.49320607424015184,nan,1.5517456714899458,7780.965731507306,0.14856767654418945
181,0.51171875,0.4941317080281442,nan,0.8064762548606076,6803.706325444145,0.19342398643493652
182,0.67578125,0.503214185126737,nan,1.2450442857296957,9559.278173456514,0.18160367012023926
183,0.380859375,0.4970964446204001,nan,1.3896826917320921,9144.714188918568,0.15834283828735352
184,0.326171875,0.48855021613938004,nan,1.491921336661729,9609.701280616293,0.18148326873779297
185,0.6484375,0.496544580332411,nan,0.7054758860079939,6580.471892288325,0.19147562980651855
186,0.7578125,0.5096079763157905,nan,1.1684419522252631,8991.502997593016,0.17661118507385254
187,0.52734375,0.5104947650000009,nan,1.4393448850167265,7870.35431962733,0.13112497329711914
188,0.5859375,0.5142669017500008,nan,1.7141339566909832,9340.487428800521,0.1575934886932373
189,0.427734375,0.5099402754125008,nan,0.5522777310615198,8293.746162514666,0.23632264137268066
190,0.435546875,0.5062206053918756,nan,0.8669023280089374,9478.791388431702,0.17976975440979004
191,0.41796875,0.5018080126222818,nan,1.0858270506681897,8614.711239174983,0.15183329582214355
192,0.60546875,0.5069910494911677,nan,1.3925131709758771,8603.29517500308,0.1315774917602539
193,0.5859375,0.5109383720166093,nan,0.7365251535144003,7817.374751275122,0.2195110321044922
194,0.40234375,0.5055086409157789,nan,1.031945518745065,8377.733590835736,0.14419174194335938
195,0.375,0.49898320886998987,nan,1.1641158730184813,9693.830367131624,0.18114614486694336
196,0.5546875,0.5017684234264903,nan,1.5587117100699237,8682.77013101851,0.15018248558044434
197,0.494140625,0.5013870335051658,nan,0.7845296068806339,6349.3258797332,0.1845865249633789
198,0.58984375,0.5058098693299075,nan,1.1096549115038652,8535.676889427647,0.14574122428894043
199,0.59375,0.5102068758634121,nan,1.54620984694092,7900.589820829254,0.12758541107177734
200,0.470703125,0.5082316883202415,nan,1.7059450051330463,9623.57904882888,0.1820528507232666
201,0.57421875,0.5115310414042293,0.359375,1.0633613932416497,202.7988079581486,6.0355384349823
202,0.408203125,0.5063646455840178,0.359375,1.2004152598519933,10104.265778345038,0.14607691764831543
203,0.4375,0.5029214133048169,0.359375,1.440301613427808,10887.97358617823,0.12160205841064453
204,0.546875,0.505119092639576,0.359375,1.570292812834023,11605.661893473554,0.14613556861877441
205,0.6640625,0.5130662630075972,0.359375,1.1178664313074147,8457.078745301398,0.1645958423614502
206,0.515625,0.5131941998572173,0.359375,1.3745758072825232,11329.095316637664,0.12604713439941406
207,0.8203125,0.5285501148643563,0.359375,1.9349856476452807,13110.724388276418,0.1702423095703125
208,0.423828125,0.5233140153711385,0.359375,2.189994923955413,10942.374817418473,0.12209415435791016
209,0.36328125,0.5153123771025816,0.359375,0.5458869359348959,10158.8690828299,0.20474720001220703
210,0.52734375,0.5159139457474524,0.359375,1.005796587209221,10775.555918392614,0.12324190139770508
211,0.51171875,0.5157041859600798,0.359375,1.5116541875945346,10752.175925318219,0.12350988388061523
212,0.50390625,0.5151142891620758,0.359375,1.782250392432803,11098.10604303001,0.12434554100036621
213,0.50390625,0.514553887203972,0.359375,0.6878108927706601,8566.36559139785,0.181640625
214,0.376953125,0.5076738490937733,0.359375,0.9023942962641783,10603.206398953711,0.11958646774291992
215,0.59765625,0.5121729691390846,0.359375,1.1738171413625118,12880.880577083277,0.1680009365081787
216,0.40234375,0.5066815081821303,0.359375,1.4535303525671945,11019.51789819376,0.12414336204528809
217,0.5078125,0.5067380577730238,0.359375,0.6109185317206997,8585.106213158151,0.16680049896240234
218,0.546875,0.5087449048843726,0.359375,0.7497128751805173,15166.356453632445,0.9101724624633789
219,0.486328125,0.507624065890154,0.359375,1.1061190424065297,12336.654854108196,0.1575791835784912
220,0.52734375,0.5086100500956463,0.359375,1.2769805384813935,11504.512823195728,0.12760210037231445
221,0.55859375,0.5111092350908639,0.359375,0.7641957289694941,9872.057567762053,0.1908416748046875
222,0.51171875,0.5111397108363207,0.359375,1.1122406253882493,10310.009711896471,0.11871957778930664
223,0.671875,0.5191764752945046,0.359375,1.4341879163724605,9852.481303113578,0.10515117645263672
224,0.73046875,0.5297410890297793,0.359375,1.7285963887380673,11833.544309905064,0.12946248054504395
225,0.6796875,0.5372384095782903,0.359375,0.8368772998780489,8632.334157275127,0.18210601806640625
226,0.478515625,0.5343022703493757,0.359375,1.0367604211531416,13023.637432695801,0.17322349548339844
227,0.50390625,0.5327824693319069,0.359375,1.2422924575485514,12719.662785437546,0.20818161964416504
228,0.5703125,0.5346589708653116,0.359375,1.5791270777678115,10541.84803763614,0.11838531494140625
229,0.5078125,0.533316647322046,0.359375,0.8052932166420199,8627.136337600861,0.1669151782989502
230,0.8671875,0.5500101899559436,0.359375,1.0415553485961335,14501.734044669742,0.4278109073638916
231,0.45703125,0.5453612429581464,0.359375,1.3302617224674667,9813.60834539718,0.10556769371032715
232,0.91015625,0.563600993310239,0.359375,1.9648979635610209,10028.794349088868,0.10449910163879395
233,1.0234375,0.586592818644727,0.359375,1.0205439234117852,7926.053836436648,0.16250205039978027
234,0.484375,0.5814819277124906,0.359375,1.2302192025289733,10626.846876184,0.12270808219909668
235,0.390625,0.5719390813268661,0.359375,1.3548808123642244,7946.063526499931,0.23407816886901855
236,0.46484375,0.5665843147605227,0.359375,1.5215625019294463,10384.85411247226,0.11978983879089355
237,0.76953125,0.5767316615224966,0.359375,0.9699331184446519,8722.022125377138,0.18206787109375
238,0.416015625,0.5686958596963717,0.359375,1.0973316133600766,11326.510603671373,0.14620566368103027
239,0.5078125,0.565651691711553,0.359375,1.304642910429828,11709.254580336488,0.15099167823791504
240,0.50390625,0.5625644196259754,0.359375,1.5829474491811473,9278.02025058992,0.1017458438873291
241,0.341796875,0.5515260423946766,0.359375,0.5424070568166707,8032.492685965086,0.1638345718383789
242,0.4609375,0.5469966152749428,0.359375,0.8403546452912531,12147.047359454855,0.15114784240722656
243,0.412109375,0.5402522532611956,0.359375,1.107735907211468,10952.160232634047,0.12855911254882812
244,0.390625,0.5327708905981359,0.359375,1.2873975977047956,10939.451354226643,0.12505197525024414
245,0.38671875,0.525468283568229,0.359375,0.5227311674566492,10099.714324989216,0.20119380950927734
246,0.6015625,0.5292729943898176,0.359375,1.2796967857370307,10546.804338503885,0.10619330406188965
247,0.39453125,0.5225359071703267,0.359375,1.4205517707690491,10472.796101912681,0.11802005767822266
248,0.73046875,0.5329325493118103,0.359375,2.122645348494861,9703.444260723756,0.10223174095153809
249,0.609375,0.5367546718462198,0.359375,0.7692667526582025,8573.185592386602,0.1810295581817627
250,0.69921875,0.5448778757539088,0.359375,1.529536623065575,9326.559543214646,0.10121631622314453
251,0.46484375,0.5408761694662133,0.359375,1.6611852226499182,10747.655065342236,0.1265392303466797
252,0.369140625,0.5322893922429026,0.359375,1.7176291216377662,12803.428009129677,0.20400786399841309
253,0.3984375,0.5255967976307574,0.359375,0.8610197890217531,7549.95661485501,0.14516639709472656
254,0.546875,0.5266607077492196,0.359375,1.1412324042559656,11102.451441139907,0.12465715408325195
255,0.455078125,0.5230815786117585,0.359375,1.3344334033370282,11337.758146614811,0.1425325870513916
256,0.515625,0.5227087496811705,0.359375,1.4867732512014729,12209.796197735965,0.146439790725708
257,0.451171875,0.519131905947112,0.359375,0.6260183330981196,9540.5803028759,0.18950629234313965
258,0.3515625,0.5107534356497564,0.359375,0.9017373389862003,11716.168559065323,0.130418062210083
259,0.412109375,0.5058212326172685,0.359375,1.1218533691658075,11774.854839990618,0.1290886402130127
260,0.5390625,0.5074832959864051,0.359375,1.3986562150021555,11079.26657679641,0.13972043991088867
261,0.609375,0.5125778811870848,0.359375,0.9254293071357248,8329.147143999779,0.16424250602722168
262,0.421875,0.5080427371277305,0.359375,1.0885944567554189,11615.508979938557,0.14566731452941895
263,0.5234375,0.508812475271344,0.359375,1.4018953619191252,11405.075826548002,0.12590885162353516
264,0.5078125,0.5087624765077767,0.359375,1.5766087714187103,11207.94356027761,0.1413283348083496
265,0.7109375,0.5188712276823879,0.359375,0.8094867759068585,9432.705345056127,0.18616080284118652
266,0.73046875,0.5294511037982685,0.359375,1.239340276710177,10556.359858929143,0.11898040771484375
267,0.46484375,0.5262207361083551,0.359375,1.469162845450862,10829.12241813602,0.12115478515625
268,0.5234375,0.5260815743029372,0.359375,1.876471950555144,10945.284364968786,0.12388896942138672
269,0.61328125,0.5304415580877904,0.359375,0.7464632518553506,9509.720942350488,0.18759751319885254
270,0.7890625,0.5433726051834008,0.359375,1.1622215939536014,10965.228230770554,0.12475800514221191
271,0.44921875,0.5386649124242308,0.359375,1.37967788078997,11299.050311017254,0.14089679718017578
272,0.51953125,0.5377082293030192,0.359375,1.572581498396347,10851.524827142848,0.12127327919006348
273,0.2890625,0.5252759428378682,0.359375,0.5479242837851369,8448.143272519052,0.16571688652038574
274,0.84375,0.5411996456959748,0.359375,1.1859132962317485,11747.741557214506,0.1276841163635254
275,0.494140625,0.538846694661176,0.359375,1.6141871334256277,9846.439323075807,0.11821532249450684
276,0.4296875,0.5333887349281171,0.359375,1.8655152405472044,10133.511285508686,0.1144716739654541
277,0.439453125,0.5286919544317112,0.359375,0.5733450226104939,9625.771261217005,0.19073796272277832
278,0.3515625,0.5198354817101256,0.359375,0.8464925068520064,12580.085946209852,0.15675568580627441
279,0.49609375,0.5186483951246194,0.359375,1.2977334503537419,10589.899598104781,0.11935901641845703
280,0.578125,0.5216222253683883,0.359375,1.5693670321135695,11360.295947863164,0.1257009506225586
281,0.38671875,0.5148770515999689,0.359375,0.6674561752081997,7721.971816089703,0.14607667922973633
282,0.52734375,0.5155003865199704,0.359375,1.0466632099963773,10546.320281714781,0.11719727516174316
283,0.72265625,0.5258581796939719,0.359375,1.3930273499170098,11297.788552188553,0.1271045207977295
284,0.416015625,0.5203660519592732,0.359375,1.7449123628091516,10469.03629984051,0.11959075927734375
285,0.490234375,0.5188594681113096,0.359375,0.7835791448840744,8058.066602332246,0.16182541847229004
286,0.458984375,0.5158657134557441,0.359375,1.1612526564816463,10943.817882631029,0.10489940643310547
287,0.69140625,0.5246427402829569,0.359375,1.52040251039625,11491.662740478241,0.12426400184631348
288,0.5,0.523410603268809,0.359375,1.8134149734423617,10705.415822271045,0.11807107925415039
289,0.55859375,0.5251697606053685,0.359375,0.9220220261664787,7912.895860102734,0.15771722793579102
290,0.34375,0.5160987725751001,0.359375,1.2203492145163106,10843.274970336552,0.12136554718017578
291,0.439453125,0.512266490196345,0.359375,1.3612687494043627,11056.776810133135,0.14000463485717773
292,0.466796875,0.5099930094365277,0.359375,1.6319644397959383,10688.674861099855,0.10590648651123047
293,0.53125,0.5110558589647013,0.359375,0.8680395319438358,8538.809027727857,0.1658310890197754
294,0.427734375,0.5068897847664662,0.359375,1.1203115512764887,11351.723038755028,0.12685298919677734
295,0.59375,0.5112327955281428,0.359375,1.4441950100561274,10899.789310371578,0.12293815612792969
296,0.458984375,0.5086203745017357,0.359375,1.578839675858669,11477.92812659331,0.12859463691711426
297,0.388671875,0.5026229495266489,0.359375,0.5836118787844713,9381.816822468089,0.18674421310424805
298,0.412109375,0.4980972708003164,0.359375,0.9889457745534115,11344.86348503797,0.12410902976989746
299,0.515625,0.4989736572603005,0.359375,1.2837683239663797,10353.519825852347,0.12672019004821777
300,0.474609375,0.4977554431472855,0.359375,1.485911579435338,10949.097511255812,0.13005638122558594
301,0.34375,0.4900551709899212,0.359375,0.721653842554737,7668.5427516912805,0.14657282829284668
302,0.59765625,0.49543522494042513,0.359375,1.005101604120451,10937.603947121444,0.14226150512695312
303,0.43359375,0.4923431511934038,0.359375,1.257308434321051,10528.768872848981,0.12195158004760742
304,0.55078125,0.4952650561337336,0.359375,1.6503757529668326,10471.442098574602,0.10581159591674805
305,0.50390625,0.49569711582704695,0.359375,0.8131793926505853,7505.984216765037,0.155076265335083
306,0.470703125,0.4944474162856946,0.359375,1.092793961905681,11051.863807565298,0.13970494270324707
307,0.400390625,0.48974457672140986,0.359375,1.2598222312412317,10903.839272090197,0.12656092643737793
308,0.48046875,0.48928078538533937,0.359375,1.5204373302258487,10271.82027165337,0.1031949520111084
309,0.41015625,0.4853245586160724,0.359375,0.7072810609859659,8635.246669036767,0.17972850799560547
310,0.52734375,0.48742551818526875,0.359375,1.1511683306542486,10917.039937098392,0.12311029434204102
311,0.578125,0.4919604922760053,0.359375,1.4372862465587042,11060.433758311705,0.1258540153503418
312,0.375,0.486112467662205,0.359375,1.6074155949721078,11213.204888569375,0.127349853515625
313,0.4296875,0.48329121927909474,0.359375,0.7036172413129257,7232.332665207248,0.16260313987731934
314,0.55078125,0.48666572081514,0.359375,0.988116722075809,12231.812720176938,0.15565967559814453
315,0.373046875,0.480984778524383,0.359375,1.1730364613619422,11974.32714552453,0.1453108787536621
316,0.828125,0.4983417895981638,0.359375,1.3987934970079166,12548.121736845904,0.20146441459655762
317,0.41015625,0.49393251261825555,0.359375,0.7399014009005642,8317.441161889466,0.17072558403015137
318,0.353515625,0.4869116682373428,0.359375,0.8646444287896299,11898.326734957262,0.15296268463134766
319,0.431640625,0.48414811607547564,0.359375,1.0253508205667234,11548.460052632177,0.14685940742492676
320,0.56640625,0.48826102277170186,0.359375,1.2978833539454622,11915.636363636364,0.15106201171875
321,0.5,0.4888479716331168,0.359375,0.7310191360573989,8734.738471882656,0.18226075172424316
322,0.423828125,0.4855969793014609,0.359375,1.0218541101851017,11285.765521561481,0.1339740753173828
323,0.25,0.47381713033638784,0.359375,1.1571093851689132,11108.791071055537,0.12782669067382812
324,0.470703125,0.47366143006956846,0.359375,1.371325217024053,10921.982602619166,0.14466238021850586
325,0.482421875,0.47409945231609,0.359375,0.8527422351400609,7838.438140997141,0.15819478034973145
326,0.470703125,0.47392963595028553,0.359375,1.054376200138558,11676.239815571096,0.14799284934997559
327,0.50390625,0.4754284666527712,0.359375,1.425239952159729,11247.111120162655,0.14048051834106445
328,0.51171875,0.4772429808201326,0.359375,1.608543567040933,11494.904025959375,0.14371585845947266
329,0.72265625,0.48951364427912597,0.359375,0.6823026375429893,8702.12314482102,0.18432283401489258
330,0.4609375,0.4880848370651697,0.359375,1.0608759536805936,10575.43907051307,0.12254810333251953
331,0.462890625,0.4868251264619112,0.359375,1.3712322279939575,10335.208753674811,0.11726903915405273
332,0.58203125,0.4915854326388156,0.359375,1.6622201317241212,10439.797720210508,0.12145829200744629
333,0.400390625,0.4870256922568748,0.359375,0.7695127893979669,9316.154305700937,0.18677234649658203
334,0.392578125,0.4823033138940311,0.359375,1.0555860591125283,10986.896177172113,0.12414789199829102
335,0.5703125,0.4867037731993295,0.359375,1.2917000765582047,11024.418371105898,0.14368104934692383
336,0.68359375,0.496548272039363,0.359375,1.540804860796493,11094.202915764181,0.13087916374206543
337,0.462890625,0.49486538968739485,0.359375,0.9315345741338008,7744.538592895073,0.14771699905395508
338,0.32421875,0.4863330577030251,0.359375,1.1566980219913172,10636.740347119401,0.12221789360046387
339,0.58984375,0.4915085923178738,0.359375,1.4361705708684238,11265.174530189599,0.14238572120666504
340,0.66796875,0.5003316002019801,0.359375,1.720391572455174,10416.717098858646,0.12441539764404297
341,0.486328125,0.499631426441881,0.359375,0.7907681999134837,8538.860945605707,0.16770386695861816
342,0.470703125,0.498185011369787,0.359375,1.16466464409238,10545.876392905378,0.1225123405456543
343,0.41015625,0.49378357330129763,0.359375,1.3899388930153473,10377.819688943782,0.11832928657531738
344,0.443359375,0.4912623633862327,0.359375,1.523504449823442,10590.520395341497,0.12010741233825684
345,0.427734375,0.488085963966921,0.359375,1.007514478231632,7032.726005464176,0.1450362205505371
346,0.609375,0.49415041576857494,0.359375,1.3997704978374832,10770.440410297973,0.11884379386901855
347,0.50390625,0.4946382074801462,0.359375,1.6045198626141364,11418.351788495587,0.1432781219482422
348,0.5546875,0.4976406721061388,0.359375,1.8193193923697517,10984.10310425769,0.12381529808044434
349,0.4765625,0.49658676350083186,0.359375,0.8019799725881323,9017.959817781923,0.16899609565734863
350,0.515625,0.4975386753257902,0.359375,1.336245775600339,9203.551266137618,0.1025691032409668
351,0.466796875,0.49600158530950067,0.359375,1.6424660922606358,9605.449128183229,0.1016089916229248
352,0.4296875,0.4926858810440256,0.359375,1.7853830740020544,11967.211195434871,0.14740276336669922
353,0.45703125,0.4909031494918243,0.359375,0.8550434247593955,7646.9318279556865,0.15744876861572266
354,0.47265625,0.48999080451723304,0.359375,0.9908671693277689,13156.261715127352,0.23471713066101074
355,0.46875,0.4889287642913714,0.359375,1.2015745989168134,10925.828075253256,0.14168262481689453
356,0.431640625,0.4860643573268028,0.359375,1.339880441863858,11087.414104024476,0.12663006782531738
357,0.51171875,0.48734707696046264,0.359375,0.6154667767324703,8778.5033564704,0.1818077564239502
358,0.54296875,0.4901281606124395,0.359375,0.9847512614636024,11619.338812157435,0.1442422866821289
359,1.1640625,0.5238248775818175,0.359375,1.6827933565398538,10231.476317364384,0.10477471351623535
360,0.65234375,0.5302508212027266,0.359375,1.817432170184672,11969.534429539322,0.14737415313720703
361,0.515625,0.5295195301425902,0.359375,0.8529750097868242,7974.152071041182,0.1600170135498047
362,0.6484375,0.5354654286354608,0.359375,1.3062782992368562,10028.773572071485,0.10410046577453613
363,0.369140625,0.5271491884536876,0.359375,1.4072685332023829,11087.476730393393,0.12662935256958008
364,0.40625,0.5211042290310032,0.359375,1.5307048851082,11226.79092023806,0.12755203247070312
365,0.49609375,0.5198537050794529,0.359375,0.6991155881441131,8737.872923292192,0.16800427436828613
366,0.46875,0.5172985198254803,0.359375,1.006292447039561,11328.75579586549,0.14299893379211426
367,0.5,0.5164335938342062,0.359375,1.32959712361357,11541.997430882728,0.12788081169128418
368,0.53515625,0.5173697266424958,0.359375,1.717996397352203,10036.482644688947,0.1036219596862793
369,0.462890625,0.5146457715603711,0.359375,0.6091502320195741,8791.786037038135,0.1687939167022705
370,0.515625,0.5146947329823525,0.359375,1.0246603902311027,10747.927324495062,0.10718345642089844
371,0.6015625,0.5190381213332348,0.359375,1.5070298584149457,10453.351789304294,0.10637736320495605
372,0.38671875,0.512422152766573,0.359375,1.6151269113093008,10354.365493979045,0.11705207824707031
373,0.48046875,0.5108244826282443,0.359375,1.1680896206570657,7012.541171032509,0.14545369148254395
374,0.51171875,0.5108691959968321,0.359375,1.3177527021073592,11164.477699761504,0.14295339584350586
375,0.384765625,0.5045640174469905,0.359375,1.5243034081884261,11025.719894648331,0.14148736000061035
376,0.83203125,0.520937379074641,0.359375,3.340844314976419,10683.296659124873,0.11981320381164551
377,0.453125,0.5175467601209089,0.359375,0.973585167146833,7506.911731829136,0.1475973129272461
378,0.6640625,0.5248725471148634,0.359375,4.117612375794824,9352.772270520492,0.10136032104492188
379,0.2578125,0.5115195447591202,0.359375,4.1329890521923085,12588.169633724265,0.15919709205627441
380,0.56640625,0.5142638800211642,0.359375,4.205681532324141,10432.605201250102,0.11847472190856934
381,0.490234375,0.5130624047701059,0.359375,0.9079782049285607,7951.957194919003,0.15845155715942383
382,0.625,0.5186592845316006,0.359375,1.3001054641258711,11816.757545546081,0.14420199394226074
383,0.4453125,0.5149919453050206,0.359375,1.4000454688187915,11868.964817530843,0.1519930362701416
384,0.408203125,0.5096525042897695,0.359375,1.5831233721831661,11243.739720607251,0.12593674659729004
385,0.6484375,0.516591754075281,0.359375,0.7001150090347656,8396.46534803744,0.17435908317565918
386,0.341796875,0.5078520101215169,0.359375,0.9267632000254707,12830.740276063936,0.16616344451904297
387,0.59375,0.5121469096154411,0.359375,1.1822251640677222,11988.314450918913,0.14881157875061035
388,0.46484375,0.509781751634669,0.359375,1.4760371882591345,9644.006962312003,0.10369133949279785
389,0.44921875,0.5067536015529355,0.359375,0.556628309462509,8735.252675258891,0.1822500228881836
390,0.83984375,0.5234081089752887,0.359375,1.1557164162971283,10094.61519411046,0.11610150337219238
391,0.439453125,0.5192103597765242,0.359375,1.3784487576045148,10603.477289945671,0.11769723892211914
392,0.38671875,0.5125857792876979,0.359375,1.500202400710912,10805.097978783846,0.12253475189208984
393,0.50390625,0.512151802823313,0.359375,0.7151261673342285,9200.569014302082,0.18520593643188477
394,0.56640625,0.5148645251821473,0.359375,1.0636353954317177,10676.776668118402,0.12700462341308594
395,0.37890625,0.5080666114230399,0.359375,1.2638718182859,10755.178149507368,0.10673928260803223
396,0.78515625,0.5219210933518879,0.359375,1.6029000585741158,10752.155169784513,0.12351012229919434
397,0.375,0.5145750386842934,0.359375,0.6791317276393296,8303.03786855466,0.16379547119140625
398,0.72265625,0.5249790992500787,0.359375,1.3115815123665497,9853.199107309423,0.10351967811584473
399,0.41015625,0.5192379567875747,0.359375,1.5913938527303102,12359.883733173134,0.15081048011779785
400,0.5546875,0.5210104339481959,0.359375,2.0076902700012615,10368.40962130344,0.11689352989196777
401,0.9921875,0.544569287250786,0.3125,1.3013496244276344,275.1689846200801,5.349440097808838
402,0.375,0.5360908228882467,0.3125,1.5290195162637952,10628.391896534033,0.10688352584838867
403,0.478515625,0.5332120629938344,0.3125,1.6394096738974955,12265.689004221864,0.15490365028381348
404,0.5625,0.5346764598441426,0.3125,1.9725687339078413,10187.369361395564,0.1158297061920166
405,0.53515625,0.5347004493519354,0.3125,0.7547167403214451,8072.378680624914,0.16352057456970215
406,0.474609375,0.5316958956343385,0.3125,1.0462705736968314,11324.431825300186,0.14234709739685059
407,0.515625,0.5308923508526215,0.3125,1.2331586249791493,11313.961856987364,0.14106464385986328
408,0.498046875,0.5292500770599904,0.3125,1.4475470449449224,11625.225891091854,0.1290297508239746
409,0.765625,0.5410688232069909,0.3125,1.2703874022390598,8534.82772999602,0.18090581893920898
410,0.6328125,0.5456560070466413,0.3125,1.4435171515814949,12671.450158136182,0.16667389869689941
411,0.84765625,0.5607560191943092,0.3125,1.6315429040612814,12962.052021632759,0.16756606101989746
412,0.94140625,0.5797885307345937,0.3125,1.826190020472184,13090.410025927606,0.21664714813232422
413,0.462890625,0.573943635447864,0.3125,0.594738897035366,9917.860424370121,0.2008497714996338
414,0.380859375,0.5642894224254708,0.3125,0.8428648426681395,11718.021823654015,0.14575839042663574
415,0.373046875,0.5547272950541973,0.3125,1.059276768084893,11586.050966649027,0.14327573776245117
416,0.431640625,0.5485729615514874,0.3125,1.277741874160987,11809.243804973758,0.12905144691467285
417,0.482421875,0.545265407223913,0.3125,0.6752541771664098,10076.35945317878,0.20642375946044922
418,0.470703125,0.5415372931127174,0.3125,0.97913360788538,11215.617063629148,0.12767910957336426
419,0.349609375,0.5319408972070815,0.3125,1.0948355187717533,11302.43151384135,0.12705230712890625
420,0.44921875,0.5278047898467274,0.3125,1.324197551028785,10522.226923634256,0.1053009033203125
421,0.462890625,0.524559081604391,0.3125,0.7704464659828438,7826.966525809554,0.15893769264221191
422,0.671875,0.5319248775241715,0.3125,1.2959175127492881,11544.316061234938,0.12993407249450684
423,1.0625,0.5584536336479629,0.3125,1.724558316157871,10463.076377384967,0.11010146141052246
424,0.40625,0.5508434519655646,0.3125,1.8604339887898482,11289.095079629982,0.14314699172973633
425,0.53125,0.5498637793672864,0.3125,0.8762213062689095,8631.269346578816,0.18259191513061523
426,0.384765625,0.541608871648922,0.3125,1.1063327814774697,11072.340637542782,0.12824749946594238
427,0.52734375,0.5408956155664759,0.3125,1.3963830232365,10762.946644841972,0.12264299392700195
428,0.53515625,0.540608647288152,0.3125,1.5842204614683437,12321.85420823011,0.15224981307983398
429,0.55859375,0.5415079024237445,0.3125,0.8741555013384683,8787.111857391656,0.16797327995300293
430,0.38671875,0.5337684448025571,0.3125,1.0056878479589546,12260.172837294385,0.15171074867248535
431,0.375,0.5258300225624293,0.3125,1.2892456616279895,10655.66647130005,0.10698533058166504
432,0.451171875,0.5220971151843078,0.3125,1.4891258319185605,11309.298628080309,0.12449932098388672
433,0.4140625,0.5166953844250924,0.3125,0.6405134954366805,8691.605803858754,0.1804039478302002
434,0.49609375,0.5156653027038378,0.3125,0.9958826386081895,11104.325824450687,0.1239156723022461
435,0.3671875,0.5082414125686459,0.3125,1.2051196624920903,11449.737104049802,0.1432347297668457
436,0.84375,0.5250168419402136,0.3125,2.762070293851617,11227.99809725644,0.14535093307495117
437,0.8828125,0.5429066248432028,0.3125,1.3272474096590954,10570.179206199276,0.2425692081451416
438,0.6015625,0.5458394186010427,0.3125,1.5286763331749034,12478.968682821125,0.16635990142822266
439,0.453125,0.5412036976709905,0.3125,1.6439287643020657,13061.0958807585,0.16782665252685547
440,0.34375,0.531331012787441,0.3125,1.8444391864626657,9729.01459934292,0.11923098564147949
441,0.5859375,0.5340613371480689,0.3125,0.7931334019564886,7389.802797286597,0.14722990989685059
442,0.484375,0.5315770202906654,0.3125,1.1325557151038068,11434.447770485292,0.13328146934509277
443,0.3984375,0.5249200442761321,0.3125,1.3492415224127194,11416.785609236862,0.12823224067687988
444,0.5390625,0.5256271670623255,0.3125,1.593857375812216,10145.449819224004,0.11197137832641602
445,0.427734375,0.5207325274592092,0.3125,0.6184755469923495,8020.053434377987,0.16309118270874023
446,0.41015625,0.5152037135862486,0.3125,0.9499009649458715,10328.445106922267,0.1057274341583252
447,0.58203125,0.5185450904069362,0.3125,1.258926810441428,11448.902783418771,0.13031816482543945
448,0.419921875,0.5136139296365894,0.3125,1.4934912727396195,10199.964130050917,0.10666704177856445
449,0.275390625,0.5017027644047599,0.3125,0.5530438122765646,9031.879753035615,0.1842362880706787
450,0.47265625,0.5002504386845219,0.3125,0.8458418204793873,12905.641347847753,0.16984820365905762
451,0.4140625,0.4959410417502958,0.3125,1.0375784936934076,12375.014226143072,0.1622624397277832
452,0.39453125,0.49087055216278097,0.3125,1.1871573397824309,11319.351351351352,0.14453125
453,0.546875,0.4936707745546419,0.3125,0.8145238272403277,8558.773731664956,0.16637897491455078
454,0.52734375,0.4953544233269098,0.3125,1.1516813175152252,10493.380192759027,0.12007570266723633
455,0.53125,0.4971492021605643,0.3125,1.3893506680140648,11553.691572974834,0.14333081245422363
456,0.41015625,0.49279955455253605,0.3125,1.5076708044686746,11384.668664244355,0.14370203018188477
457,0.474609375,0.49189004557490923,0.3125,0.8097473349340586,8037.572549347094,0.1627357006072998
458,0.46484375,0.49053773079616375,0.3125,1.0960133928207456,10861.811994492418,0.13073325157165527
459,0.55859375,0.49394053175635555,0.3125,1.3293437928795993,12220.175145242281,0.15122532844543457
460,0.3671875,0.48760288016853776,0.3125,1.4965150780426397,11767.400199342906,0.1485459804534912
461,0.61328125,0.4938867986601108,0.3125,0.7880072439363388,8053.6547739283615,0.16241073608398438
462,0.5078125,0.49458308372710524,0.3125,1.1001671384961307,10647.956594337244,0.11908388137817383
463,0.50390625,0.49504924204074996,0.3125,1.3588530288736964,11375.08138413031,0.14382314682006836
464,0.50390625,0.49549209243871245,0.3125,1.56919706561347,10754.772323681447,0.12236428260803223
465,0.61328125,0.5013815503167768,0.3125,0.808088410101586,8593.557136398234,0.16663646697998047
466,0.5625,0.5044374728009379,0.3125,1.125483094470305,11702.542884744485,0.14560937881469727
467,0.51171875,0.504801536660891,0.3125,1.5141605941115004,10732.677722065297,0.10584497451782227
468,0.466796875,0.5029013035778465,0.3125,1.6084768971439298,11295.466157728182,0.12642240524291992
469,0.5234375,0.503928113398954,0.3125,0.8928490718008772,7738.369967969251,0.1581728458404541
470,0.431640625,0.5003137389790063,0.3125,1.0654749426100283,12179.569962182604,0.15534210205078125
471,0.494140625,0.500005083280056,0.3125,1.420329830430838,9998.114093530714,0.11562180519104004
472,0.458984375,0.4979540478660532,0.3125,1.6208152535319775,10931.780732926045,0.12257838249206543
473,0.46484375,0.4962985329727505,0.3125,0.7926150733213785,7750.777286774774,0.15791964530944824
474,0.365234375,0.48974532507411295,0.3125,0.9286953982068125,11203.041833995772,0.12710833549499512
475,0.478515625,0.48918384007040727,0.3125,1.113293333941224,10631.680631986952,0.12265229225158691
476,0.322265625,0.4808379293168869,0.3125,1.237254298097397,11985.613059199257,0.14684271812438965
477,0.3671875,0.47515540785104254,0.3125,0.5729966109618806,10383.129557030334,0.20610356330871582
478,0.5234375,0.4775695124584904,0.3125,0.9300564423482154,10599.61922756715,0.12113642692565918
479,0.3828125,0.47283166183556585,0.3125,1.1501928818436258,11002.026990975684,0.1279764175415039
480,0.349609375,0.4666705474937875,0.3125,1.222618038008286,14410.342522055118,0.3164393901824951
481,0.408203125,0.46374717636909807,0.3125,0.672113439970271,7489.805747788433,0.1564793586730957
482,0.5234375,0.4667316925506432,0.3125,1.090353635612642,10797.311339836304,0.1063227653503418
483,0.546875,0.470738857923111,0.3125,1.382009600784741,11619.947107016249,0.13080954551696777
484,0.5078125,0.47259254002695544,0.3125,1.513847208534692,11233.932826121712,0.12675881385803223
485,0.474609375,0.47269338177560766,0.3125,0.7576579355749302,8897.89411502515,0.16902875900268555
486,0.4296875,0.47054308768682723,0.3125,0.9346267676160273,11238.989985526472,0.12634587287902832
487,0.515625,0.4727971833024858,0.3125,1.1994781506045025,11103.49202851563,0.12464547157287598
488,0.466796875,0.4724971678873615,0.3125,1.4289065713169962,11472.901759132159,0.1429455280303955
489,0.5,0.4738723094929934,0.3125,0.6895625618701816,8346.692559891822,0.1648557186126709
490,0.380859375,0.4692216627683437,0.3125,0.961949109207357,11716.18500358271,0.1440742015838623
491,0.365234375,0.4640222983799265,0.3125,1.2337904600644798,10170.507962240496,0.10382962226867676
492,0.55078125,0.4683602459609301,0.3125,1.5636122116725422,10251.333600359669,0.1166677474975586
493,0.400390625,0.4649617649128836,0.3125,0.645861554550135,8107.914458394169,0.16280388832092285
494,0.3828125,0.4608543016672394,0.3125,0.858873810804324,10902.321884203475,0.14272189140319824
495,0.5,0.46281158658387744,0.3125,0.9716520577728256,12781.40345706936,0.17118620872497559
496,0.5390625,0.4666241322546836,0.3125,1.2727434379551894,10733.287050354884,0.10658431053161621
497,0.41796875,0.46419136314194936,0.3125,0.6336108693828923,9748.273974503512,0.1924443244934082
498,0.423828125,0.46217320123485184,0.3125,0.9227970937246824,10769.33920434731,0.12442731857299805
499,0.373046875,0.45771688492310925,0.3125,1.1278755542334264,10093.450563397402,0.11571860313415527
500,0.46484375,0.4580732281769538,0.3125,1.4460386492964619,10629.615714457039,0.10536599159240723
501,0.55859375,0.4630992542681061,0.3125,1.075431017333139,8821.991294722266,0.16821599006652832
502,0.419921875,0.4609403853047008,0.3125,1.2791256311063075,11309.222328378495,0.13051295280456543
503,0.8046875,0.4781277410394657,0.3125,1.4937726764475183,12401.265012909087,0.2028825283050537
504,0.5078125,0.4796119789874924,0.3125,1.735986854128995,10538.057420928864,0.10817933082580566
505,0.4375,0.47750638003811774,0.3125,0.5466344640473478,10376.475588556643,0.20970511436462402
506,0.50390625,0.4788263735362118,0.3125,1.2059123122755924,9843.500225136106,0.10484075546264648
507,0.4765625,0.4787131798594012,0.3125,1.384339186203244,12021.24825877393,0.1547260284423828
508,0.57421875,0.4834884583664311,0.3125,1.5567435387721813,11160.744654182601,0.12687325477600098
509,0.341796875,0.47640387919810956,0.3125,0.6356539466679509,7322.865716960603,0.15076065063476562
510,1.3359375,0.5193805602382041,0.3125,2.132686489527193,11311.289738088055,0.14145159721374512
511,0.78125,0.5324740322262939,0.3125,2.3234233549393655,11660.189020624415,0.14476609230041504
512,0.51171875,0.5314362681149792,0.3125,2.464518012631063,11211.298550494179,0.1259443759918213
513,0.384765625,0.5241027359592303,0.3125,0.7357721275335434,8467.931529541689,0.165802001953125
514,0.6484375,0.5303194741612688,0.3125,1.090151259391866,10605.625665068746,0.1267251968383789
515,0.44921875,0.5262644379532053,0.3125,1.1826656299506357,12101.584947731777,0.15568208694458008
516,0.4609375,0.5229980910555451,0.3125,1.3849780848581255,10698.703800531346,0.12375330924987793
517,0.35546875,0.5146216240027678,0.3125,0.5671096132953312,7954.8208938585685,0.16040587425231934
518,0.41015625,0.5093983553026293,0.3125,0.7976112200753632,12286.763760748505,0.1611490249633789
519,0.80859375,0.5243581250374979,0.3125,1.5117862323778446,10536.886335313895,0.12033915519714355
520,0.494140625,0.5228472500356229,0.3125,1.6918136145346876,11360.967405845346,0.12956643104553223
521,0.474609375,0.5204353562838417,0.3125,0.7416945189147549,8421.045965854102,0.1653001308441162
522,0.359375,0.5123823384696496,0.3125,0.9828198558842036,11814.17855569381,0.12933611869812012
523,0.45703125,0.5096147840461671,0.3125,1.1839968822973914,10953.320999482792,0.14059662818908691
524,0.3984375,0.5040559198438588,0.3125,1.3466121304997325,11182.706989114258,0.14450883865356445
525,0.52734375,0.5052203113516658,0.3125,0.6977357945919975,7974.222541729916,0.16051721572875977
526,0.32421875,0.4961702332840825,0.3125,0.9023575170862711,11901.679690640553,0.15123915672302246
527,0.466796875,0.4947015653698783,0.3125,1.149070343670824,11121.08756999553,0.12696599960327148
528,0.484375,0.4941852371013844,0.3125,1.3730569402748882,11213.449409475585,0.12449336051940918
529,0.51171875,0.49506191274631517,0.3125,0.4486140106764055,14031.51250529586,0.6072046756744385
530,0.44140625,0.49237912960899943,0.3125,0.8781442156898049,10701.664204403525,0.10689926147460938
531,0.47265625,0.49139298562854944,0.3125,1.135742293084588,10497.900592153792,0.10440182685852051
532,0.703125,0.5019795863471219,0.3125,1.4207032408279463,10427.29627573556,0.11853504180908203
533,0.458984375,0.4998298257797658,0.3125,0.8879301502735497,7362.317378906225,0.1461496353149414
534,0.43359375,0.4965180219907775,0.3125,1.037260761862212,11053.588375870344,0.14076876640319824
535,0.390625,0.4912233708912386,0.3125,1.3655829180743586,10838.93866160087,0.11772370338439941
536,0.455078125,0.4894161085966766,0.3125,1.498307442783134,12356.673586554252,0.15635275840759277
537,0.46484375,0.48818749066684275,0.3125,0.7831805788191236,8706.085187768602,0.16953659057617188
538,0.51171875,0.4893640536335006,0.3125,1.1140161356517553,10750.240344847673,0.12688088417053223
539,0.474609375,0.4886263197018256,0.3125,1.3400161590718844,10975.33849201899,0.14031457901000977
540,0.458984375,0.4871442224667343,0.3125,1.561167336706056,10916.522923413333,0.14326906204223633
541,0.36328125,0.4809510738433976,0.3125,0.48631923543075334,10047.686526870593,0.2297046184539795
542,0.5546875,0.4846378951512277,0.3125,0.911188546817991,12047.248259507716,0.1504077911376953
543,0.7265625,0.4967341253936663,0.3125,1.2721376889862266,11068.82672544941,0.12286758422851562
544,0.5859375,0.501194294123983,0.3125,1.528539805644071,11385.140288609644,0.14193940162658691
545,0.29296875,0.4907830169177838,0.3125,0.5525582307385865,7459.093353929731,0.14693474769592285
546,0.396484375,0.4860680848218946,0.3125,0.9659478330799641,10808.995211534108,0.1232306957244873
547,0.51953125,0.4877412430807999,0.3125,1.0921755583280688,12596.749928921145,0.20544981956481934
548,0.416015625,0.4841549621767599,0.3125,1.3060083329570034,10665.352872070735,0.12339019775390625
549,0.447265625,0.48231049531792186,0.3125,0.927935391227008,6960.861102091553,0.1453843116760254
550,0.416015625,0.47899575180202575,0.3125,1.146061347689657,10594.947282025129,0.11967968940734863
551,0.4140625,0.47574908921192444,0.3125,1.3692448978301701,12483.680101218766,0.16469502449035645
552,0.40234375,0.4720788222513282,0.3125,1.593622012398581,10132.761651043693,0.11526966094970703
553,0.4765625,0.47230300613876175,0.3125,0.6817923225981877,9898.254789658078,0.19639825820922852
554,0.43359375,0.4703675433318236,0.3125,1.1662682448539923,10642.158803024447,0.12215566635131836
555,0.462890625,0.4699936974152324,0.3125,1.298642325092882,11676.681955186637,0.13051652908325195
556,0.78125,0.48555651254447074,0.3125,1.542684532338224,11046.183183836565,0.12601637840270996
557,0.5625,0.48940368691724717,0.3125,0.8139389758041647,8326.84851712083,0.16476821899414062
558,0.55859375,0.4928631900713848,0.3125,1.1537017700768608,10110.933259866382,0.1246175765991211
559,0.55859375,0.49614971806781555,0.3125,1.3514955182236035,10889.743097753926,0.12892866134643555
560,0.498046875,0.4962445759144247,0.3125,1.4551704867812953,12552.5815994845,0.1997995376586914
561,0.458984375,0.49438156586870347,0.3125,0.9951222990110657,6834.422008742769,0.14573287963867188
562,0.439453125,0.4916351438252683,0.3125,1.105289331185442,12115.133244182936,0.15154600143432617
563,0.40625,0.4873658866340049,0.3125,1.4249953317134907,10537.817830095159,0.11881017684936523
564,0.57421875,0.49170852980230456,0.3125,1.7355936095242142,10331.627834747918,0.11576104164123535
565,0.365234375,0.4853848220621893,0.3125,0.6135830068193883,7981.8375464366845,0.16487431526184082
566,0.48828125,0.48552964345907984,0.3125,0.958848109299953,11684.377808877505,0.14446640014648438
567,0.66796875,0.4946515987861258,0.3125,1.3083013341108816,12420.475469253666,0.15458345413208008
568,0.447265625,0.49228230009681945,0.3125,1.4720474747790817,11586.681758714214,0.1470654010772705
569,0.396484375,0.48749240384197845,0.3125,0.6531990512857994,9579.541204627747,0.18957066535949707
570,0.384765625,0.4823560648998795,0.3125,0.9838419777209655,11422.02584385627,0.1425316333770752
571,0.46875,0.48167576165488546,0.3125,1.265532346766116,10477.322732895385,0.11911439895629883
572,0.408203125,0.47800212982214113,0.3125,1.3983291405357767,10801.282373944334,0.12887358665466309
573,0.435546875,0.47587936708103407,0.3125,0.7200970119957867,7935.297944003208,0.16231274604797363
574,0.41796875,0.4729838362269823,0.3125,1.2280877821901752,10145.836751944607,0.10605335235595703
575,0.462890625,0.4724791756656332,0.3125,1.5088045406618196,10357.49382262997,0.1247406005859375
576,0.50390625,0.47405052938235154,0.3125,1.7338942826569212,11438.392617598065,0.12938880920410156
577,0.435546875,0.47212534666323397,0.3125,0.8285422018445183,8350.46930685,0.16382312774658203
578,0.365234375,0.4667807980800722,0.3125,1.0224163713345562,12264.297421660192,0.15165972709655762
579,0.56640625,0.47176207067606857,0.3125,1.2284537375047337,11519.21531572916,0.1458432674407959
580,0.31640625,0.4639942796422651,0.3125,1.4131329791229292,10187.668012371869,0.12171578407287598
581,0.427734375,0.46218128441015177,0.3125,0.7744722177451957,8498.950303946149,0.1666088104248047
582,0.490234375,0.46358393893964417,0.3125,1.0097073972175352,11471.123334524562,0.14610600471496582
583,0.3828125,0.45954536699266196,0.3125,1.1819795011594025,12303.760695238876,0.1540992259979248
584,0.8359375,0.4783649736430289,0.3125,1.5174763313415864,10855.505585971898,0.12454509735107422
585,0.47265625,0.4780795374608774,0.3125,0.7972915877830258,8617.847491396486,0.168487548828125
586,0.443359375,0.47634352933783347,0.3125,0.9692993946192808,12910.303595507872,0.16637873649597168
587,0.451171875,0.4750849466209418,0.3125,1.1223965360336428,11958.55479360042,0.15085434913635254
588,0.49609375,0.4761353867898947,0.3125,1.247167220684239,11027.359797430077,0.14255452156066895
589,0.326171875,0.4686372112003999,0.3125,0.5434304528369233,8479.953676644305,0.16651034355163574
590,0.314453125,0.46092800689037994,0.3125,0.7121617577735726,11779.024418574732,0.12972211837768555
591,0.62109375,0.46893629404586096,0.3125,1.0394092049157226,11744.173252608862,0.147477388381958
592,0.38671875,0.4648254168435679,0.3125,1.25242238499841,11272.535336023439,0.12596988677978516
593,0.5078125,0.46697477100138945,0.3125,0.7380743113995435,7944.38450003946,0.16011309623718262
594,0.375,0.46237603245132,0.3125,0.9573072252427454,11556.631123966348,0.14606332778930664
595,0.283203125,0.45341738707875395,0.3125,1.108665321088429,12289.752350701594,0.15492582321166992
596,0.380859375,0.44978948647481626,0.3125,1.2936490941451853,10506.756783061692,0.11954212188720703
597,0.376953125,0.44614766840107545,0.3125,0.7310775442115982,7891.811005009043,0.16016602516174316
598,0.51171875,0.44942622248102165,0.3125,1.0642420005646631,11150.652501171411,0.14348936080932617
599,0.486328125,0.45127131760697053,0.3125,1.2075239252527934,11501.123432747358,0.14642047882080078
600,0.3046875,0.44394212672662203,0.3125,1.3745176785186974,11100.91651794494,0.12971901893615723
601,0.3203125,0.4377606453902909,0.296875,0.5179799449389892,278.78397855517204,5.222681760787964
602,0.55078125,0.4434116756207763,0.296875,0.8879189173297475,11651.39805619419,0.13045644760131836
603,0.494140625,0.4459481230897375,0.296875,1.2978993030475334,10462.491147933977,0.11775398254394531
604,0.61328125,0.4543147794352506,0.296875,1.6224770755209974,10717.022054868208,0.10637283325195312
605,0.443359375,0.45376700921348806,0.296875,0.6376455641937998,9427.800899880249,0.18456053733825684
606,0.79296875,0.47072709625281367,0.296875,0.9136721695813044,13053.003040326177,0.1694629192352295
607,0.66796875,0.48058917894017295,0.296875,1.2794545607232117,10438.367650060138,0.12032532691955566
608,0.71875,0.4924972199931643,0.296875,1.6166392538621115,11862.912308930008,0.1517333984375
609,0.486328125,0.4921887652435061,0.296875,0.9429657182067369,7084.159160291141,0.1473710536956787
610,0.380859375,0.48662229573133076,0.296875,1.090430655521826,10362.842483624916,0.12390422821044922
611,0.291015625,0.47684196219476416,0.296875,1.2350329181591502,12003.680235929125,0.14762139320373535
612,0.41015625,0.4735076765850259,0.296875,1.456163681362136,10383.655445946511,0.11980366706848145
613,0.51171875,0.47541823025577457,0.296875,0.6884915876002686,7846.892192563391,0.16414141654968262
614,0.79296875,0.4912957562429858,0.296875,1.46830964225298,10255.316195860614,0.10804152488708496
615,0.421875,0.4878247184308365,0.296875,1.630978971465814,11194.291653588298,0.12685036659240723
616,0.30859375,0.4788631700092947,0.296875,1.7207052998577754,11573.434411647242,0.1444687843322754
617,0.8359375,0.49671688650882995,0.296875,0.9337891128250007,8658.815935451335,0.181549072265625
618,0.515625,0.4976622921833884,0.296875,1.1383347251681355,11868.36764137369,0.14863038063049316
619,0.455078125,0.495533083824219,0.296875,1.2890991338487816,11533.54600741526,0.1446216106414795
620,0.375,0.48950642963300806,0.296875,1.4136776205287713,10950.451731946016,0.12456107139587402
621,0.41015625,0.4855389206513576,0.296875,0.8565808978238957,7760.370716117909,0.15875530242919922
622,0.462890625,0.4844065058687897,0.296875,1.0430271126052815,11225.656078202148,0.12685227394104004
623,0.353515625,0.47786196182535023,0.296875,1.2023308686817504,12114.100380412396,0.1475965976715088
624,0.6328125,0.48560948873408266,0.296875,1.6280537434857076,10052.678063190187,0.11937117576599121
625,0.61328125,0.49199307679737847,0.296875,1.0559616185780127,7457.62249734593,0.1560819149017334
626,0.5078125,0.4927840479575095,0.296875,1.3081619855309872,11540.61880398704,0.14487957954406738
627,0.5234375,0.49431672055963405,0.296875,1.5094624267150014,10505.416747457763,0.1222226619720459
628,0.375,0.4883508845316523,0.296875,1.6423008560415808,11590.827583728853,0.14597749710083008
629,0.482421875,0.48805443405506965,0.296875,0.6333408360006613,8083.569263196508,0.1637890338897705
630,0.51171875,0.48923764985231616,0.296875,0.995028768144236,11220.457552388658,0.1443791389465332
631,0.341796875,0.48186561110970033,0.296875,1.1403416790303185,12504.291897502746,0.15802574157714844
632,0.74609375,0.4950770180542153,0.296875,1.4006898587252739,12010.518409198541,0.151533842086792
633,0.57421875,0.4990341046515045,0.296875,0.6161235476152078,9625.696275156482,0.19323277473449707
634,0.90625,0.5193948994189292,0.296875,1.6290463251973002,9085.471078855671,0.10742425918579102
635,0.349609375,0.5109056231979827,0.296875,1.7099390694891232,11652.262408619948,0.14692425727844238
636,0.486328125,0.5096767482880835,0.296875,1.8239677555340386,12368.17948919208,0.15491366386413574
637,0.59765625,0.5140757233736793,0.296875,0.7842935779722238,7603.594473590244,0.15624189376831055
638,0.42578125,0.5096609997049953,0.296875,1.0187501786197264,11310.016740883335,0.1273207664489746
639,0.4296875,0.5056623247197456,0.296875,1.2184929678527716,11577.485487495642,0.1305983066558838
640,0.45703125,0.5032307709837583,0.296875,1.3304881144487348,12443.027092831879,0.1613755226135254
641,0.439453125,0.5000418886845703,0.296875,0.7853920199028862,7646.42212222105,0.14908933639526367
642,0.51953125,0.5010163567503418,0.296875,1.0802662950550241,11855.101734680682,0.15487003326416016
643,0.515625,0.5017467889128248,0.296875,1.333290599775602,10191.088910441626,0.11774992942810059
644,0.427734375,0.49804616821718345,0.296875,1.4712501454004074,10947.824680558319,0.14139795303344727
645,0.427734375,0.4945305785563242,0.296875,0.6288958347056353,8380.215709052174,0.16562819480895996
646,0.404296875,0.49001889337850796,0.296875,0.9511445835888009,9165.237222740323,0.10430717468261719
647,0.369140625,0.4839749799595825,0.296875,1.0731717231919375,12200.563333261738,0.15540266036987305
648,0.427734375,0.48116294971160334,0.296875,1.301628365272891,10157.394548820386,0.12286615371704102
649,0.5390625,0.4840579272260232,0.296875,0.9561424878015803,7548.510384719339,0.14731383323669434
650,0.392578125,0.47948393711472204,0.296875,1.0727790649344675,11576.812890186831,0.14580869674682617
651,0.5234375,0.48168161525898595,0.296875,1.4036235167364315,10458.52425974026,0.11932849884033203
652,0.57421875,0.4863084719960366,0.296875,1.6128424348885422,11366.066045792288,0.14182567596435547
653,0.54296875,0.48914148589623474,0.296875,0.8190023523859795,8186.546915898196,0.16368317604064941
654,0.51953125,0.490660974101423,0.296875,1.1216872934391782,10857.38596825155,0.1252603530883789
655,0.55859375,0.49405761289635186,0.296875,1.288527216780294,11805.571039476848,0.14671039581298828
656,0.5859375,0.49865160725153423,0.296875,1.5191251399700154,10899.863757068846,0.14275407791137695
657,0.60546875,0.5039924643889575,0.296875,0.8871231974916622,9884.368105506903,0.19748353958129883
658,0.44921875,0.5012537786695096,0.296875,1.423548115644931,10352.621136028898,0.10586690902709961
659,0.365234375,0.49445280848603407,0.296875,1.5360028753347863,10184.938143869409,0.11742830276489258
660,0.55859375,0.49765985556173237,0.296875,1.6505468168005082,11650.6538251083,0.13115143775939941
661,0.546875,0.5001206127836457,0.296875,0.9088090485710887,7888.46459959221,0.16276931762695312
662,0.4375,0.49698958214446337,0.296875,1.245773017224642,11621.97430772144,0.1473071575164795
663,0.78125,0.5112026030372402,0.296875,1.482646152954421,12339.053340558954,0.15398263931274414
664,0.34765625,0.5030252853853782,0.296875,1.645889473298492,11471.611370186889,0.12796807289123535
665,0.89453125,0.5226005836161092,0.296875,1.0972025627722795,7489.656811319456,0.15594840049743652
666,0.365234375,0.5147322731853037,0.296875,1.2593669129525487,10996.75758730546,0.12512779235839844
667,0.423828125,0.5101870657760385,0.296875,1.4217782245079404,11404.14434224368,0.1325833797454834
668,0.36328125,0.5028417749872365,0.296875,1.5238610282521825,12113.09507441275,0.1519017219543457
669,0.68359375,0.5118793737378746,0.296875,1.3191643762804812,7483.793254288016,0.1491222381591797
670,0.703125,0.5214416550509808,0.296875,1.7512502558855851,10803.307516370467,0.12477660179138184
671,0.54296875,0.5225180097984318,0.296875,1.8849663739709148,9979.313960726502,0.12064957618713379
672,0.51171875,0.5219780468085101,0.296875,1.9623111790200312,11771.836347941424,0.15494608879089355
673,0.494140625,0.5205861757180845,0.296875,1.0409045361492728,7707.308933470452,0.14791154861450195
674,0.765625,0.5328381169321803,0.296875,1.2570886204810936,10767.205840156861,0.12779545783996582
675,0.470703125,0.5297313673355712,0.296875,1.461480951591166,11569.424847728968,0.14451885223388672
676,0.40234375,0.5233619864687927,0.296875,1.5887399096198436,11310.322301527305,0.1457076072692871
677,0.423828125,0.5183852933953531,0.296875,0.5271627985805352,9341.541174541308,0.18754935264587402
678,0.59375,0.5221535287255854,0.296875,1.016534050812327,11467.68010936432,0.12487268447875977
679,0.515625,0.5218271022893061,0.296875,1.1764027070747705,12249.689113621362,0.15314674377441406
680,0.39453125,0.5154623096748407,0.296875,1.3749205815405596,10233.109081096047,0.11882996559143066
681,0.47265625,0.5133220066910987,0.296875,0.5167445448269865,9315.54794979722,0.1863551139831543
682,0.55078125,0.5151949688565438,0.296875,1.0516931756185641,9824.440321128726,0.10382270812988281
683,0.453125,0.5120914704137166,0.296875,1.3153960937264746,11705.150253837248,0.12849044799804688
684,0.462890625,0.5096314281430308,0.296875,1.5456307311750177,10964.53956664558,0.12513065338134766
685,0.44140625,0.5062201692358792,0.296875,0.6897051918446775,7808.379489070287,0.15777921676635742
686,0.35546875,0.49868259827408523,0.296875,0.8502540719456764,12362.150904539287,0.15304780006408691
687,0.58984375,0.5032406558603809,0.296875,1.1973010274371745,10786.873111341014,0.12237095832824707
688,0.34765625,0.49546143556736183,0.296875,1.3117062902570686,11602.978321902865,0.1447904109954834
689,0.4296875,0.4921727387889937,0.296875,0.8367246627436091,6802.4895108175715,0.14230084419250488
690,0.478515625,0.491489883099544,0.296875,1.1569093729510824,10409.71439619087,0.10605478286743164
691,0.51953125,0.4928919514445668,0.296875,1.4312734940931071,11009.546304175981,0.12607240676879883
692,0.50390625,0.49344266637233847,0.296875,1.5722661510155298,11608.278459002437,0.14506888389587402
693,0.66015625,0.5017783455537215,0.296875,0.8169261816807575,9556.794241839714,0.18960332870483398
694,0.46875,0.5001269282760354,0.296875,1.0034378129649102,12424.397183120367,0.15421271324157715
695,0.474609375,0.49885105061223367,0.296875,1.197303889908059,11540.577372552601,0.12789654731750488
696,0.5,0.49890849808162196,0.296875,1.4976039346880896,10199.983847811218,0.11607861518859863
697,0.45703125,0.4968146356775408,0.296875,0.6548225792725977,9693.125507088995,0.19188857078552246
698,0.515625,0.4977551538936637,0.296875,0.9273767860731911,12338.3694551759,0.15237021446228027
699,0.49609375,0.49767208369898047,0.296875,1.2020722208979517,10594.314711494526,0.12157464027404785
700,0.43359375,0.4944681670140314,0.296875,1.4054163931030992,10250.090169229848,0.11551117897033691
701,0.49609375,0.4945494461633298,0.296875,0.6405966809580417,8864.191627792621,0.18230652809143066
702,0.515625,0.49560322385516326,0.296875,0.968167358303057,11046.182968383042,0.1405010223388672
703,0.43359375,0.4925027501624051,0.296875,1.2727317960481987,10156.866878452813,0.11617755889892578
704,0.498046875,0.4927799564042848,0.296875,1.4642549341255096,11761.5986475656,0.13059449195861816
705,0.494140625,0.4928479898340705,0.296875,0.9761762811836677,7917.878928291391,0.16115427017211914
706,0.57421875,0.49691652784236695,0.296875,1.954652304403156,10531.733806843738,0.1219172477722168
707,0.3828125,0.4912113264502486,0.296875,2.0521668995558784,12667.45823553776,0.16577911376953125
708,0.466796875,0.48999060387773613,0.296875,2.1895199159206467,10314.469176282488,0.11750483512878418
709,0.84765625,0.5078738861838493,0.296875,1.2600075534603603,8903.705150358543,0.16846919059753418
710,0.3203125,0.4984958168746568,0.296875,1.4054676877636136,11645.524502511378,0.12949180603027344
711,0.42578125,0.494860088530924,0.296875,1.6682598415147352,10911.256606393088,0.14150524139404297
712,0.3984375,0.4900389591043778,0.296875,1.7813816702165204,10872.925656098798,0.1508333683013916
713,0.515625,0.49131826114915883,0.296875,0.7131302852695817,9466.325850656842,0.18845748901367188
714,0.435546875,0.48852969184170086,0.296875,0.9251025088520891,11155.688887062612,0.12764787673950195
715,0.6484375,0.4965250822496158,0.296875,1.2609956886246663,12366.971624856926,0.19309496879577637
716,0.375,0.490448828137135,0.296875,1.4944178780386725,9960.936229382643,0.10802197456359863
717,0.6796875,0.4999107617302782,0.296875,0.9152493173009025,8058.5985613533585,0.16280746459960938
718,0.41796875,0.49581366114376424,0.296875,1.0815936133803208,11446.678540649238,0.14606857299804688
719,0.35546875,0.488796415586576,0.296875,1.2515205676153411,10702.460725040804,0.12445735931396484
720,0.5703125,0.49287221980724716,0.296875,1.5013240379460886,11577.31640430321,0.1306002140045166
721,0.56640625,0.4965489213168848,0.296875,0.6986802328024027,8853.473936381848,0.17078042030334473
722,0.46484375,0.49496366275104053,0.296875,1.0188721303256905,10853.78104861014,0.12456488609313965
723,0.62890625,0.5016607921134885,0.296875,1.465700489187063,10242.459062145059,0.11754989624023438
724,0.431640625,0.49815978375781406,0.296875,1.6296357844225344,11582.433131731535,0.1298518180847168
725,0.3671875,0.49161116956992335,0.296875,0.699416064374203,7747.272860745705,0.1610889434814453
726,0.6015625,0.4971087360914272,0.296875,1.074648118576595,10744.77590623714,0.14369773864746094
727,0.470703125,0.49578845553685585,0.296875,1.1881620175983343,12186.157651146832,0.19596004486083984
728,0.412109375,0.49160450151001306,0.296875,1.4094712958741955,10574.91285363196,0.11990642547607422
729,0.46875,0.4904617764345124,0.296875,0.8238585813850334,8974.380665568757,0.1698167324066162
730,0.76953125,0.5044152501127868,0.296875,1.3517562845216662,10510.080200463872,0.12787723541259766
731,0.55078125,0.5067335501071474,0.296875,1.6113174042697287,10972.113971239563,0.12650251388549805
732,0.421875,0.50249062260179,0.296875,1.7985512388490177,11080.981336233055,0.12453770637512207
733,0.37890625,0.4963114039717005,0.296875,0.6012227330505308,9495.33628160242,0.1878817081451416
734,0.4375,0.4933708337731154,0.296875,0.8746728178018434,11836.770508623818,0.12942719459533691
735,0.3203125,0.4847179170844596,0.296875,0.968413787670791,11888.079647527835,0.14670157432556152
736,0.37890625,0.4794273337302366,0.296875,1.1650180937185843,10613.234171296552,0.12135791778564453
737,0.35546875,0.47322940454372475,0.296875,0.7125336132842492,7968.227445433951,0.1591320037841797
738,0.67578125,0.48335699681653854,0.296875,1.0903776213471308,11153.727436399746,0.1412980556488037
739,1.0859375,0.5134860219757116,0.296875,1.413549008232396,11674.910470314982,0.1298511028289795
740,0.361328125,0.5058781271269259,0.296875,1.5614423166584699,10355.077738395132,0.11858916282653809
741,0.453125,0.5032404707705797,0.296875,0.7636563156997112,8796.909601827447,0.16960501670837402
742,0.357421875,0.49594954098205063,0.296875,0.9733483671593917,10528.332901693753,0.11967706680297852
743,0.484375,0.4953708139329481,0.296875,1.118229865311691,10950.028551595087,0.12639236450195312
744,0.486328125,0.49491867948630064,0.296875,1.3625476328502986,11817.58529617,0.1448688507080078
745,0.474609375,0.4939032142619856,0.296875,0.5250510766324142,10002.456768918477,0.20155048370361328
746,0.4921875,0.4938174285488863,0.296875,0.8862196590533447,10943.469024100777,0.1275646686553955
747,0.40234375,0.48924374462144193,0.296875,1.127026809241595,10803.289105464672,0.12329578399658203
748,0.3515625,0.4823596823903698,0.296875,1.276688208495137,10121.219078209127,0.11579632759094238
749,0.388671875,0.4776752920208513,0.296875,0.656078193745764,7967.558953953834,0.15914535522460938
750,0.427734375,0.4751782461698087,0.296875,0.8716786133055785,12887.918136412856,0.16821956634521484
751,0.640625,0.48345058386131823,0.296875,1.3199197281885893,9960.71159100527,0.11605596542358398
752,0.35546875,0.47705149216825227,0.296875,1.520237166663525,11231.16824701418,0.13213229179382324
753,0.453125,0.47585516755983964,0.296875,0.5535484661696918,8729.69917085316,0.18328237533569336
